DS_ID,YEAR,SEX,TYPE_DM,AGEBAND,POP
ITF13,2000,1,2,1,6597
ITF13,2000,1,1,1,278
ITF13,2000,1,3,1,69
ITF13,2000,1,3,1,311
ITF13,2000,1,2,1,131610
ITF13,2000,1,1,1,5541
ITF13,2000,1,1,1,3963
ITF13,2000,1,3,1,991
ITF13,2000,1,2,1,246137
ITF13,2000,1,2,2,36941
ITF13,2000,1,1,2,1555
ITF13,2000,1,3,2,389
ITF13,2000,1,3,2,1385
ITF13,2000,1,2,2,85294
ITF13,2000,1,1,2,3591
ITF13,2000,1,1,2,10364
ITF13,2000,1,3,2,2591
ITF13,2000,1,2,2,184827
ITF13,2000,1,2,3,29559
ITF13,2000,1,1,3,1245
ITF13,2000,1,3,3,898
ITF13,2000,1,2,3,94113
ITF13,2000,1,1,3,7782
ITF13,2000,1,3,3,1946
ITF13,2000,2,2,1,3344
ITF13,2000,2,1,1,141
ITF13,2000,2,3,1,35
ITF13,2000,2,3,1,469
ITF13,2000,2,2,1,113580
ITF13,2000,2,1,1,4782
ITF13,2000,2,1,1,4872
ITF13,2000,2,3,1,1218
ITF13,2000,2,2,1,320223
ITF13,2000,2,2,2,34319
ITF13,2000,2,1,2,1445
ITF13,2000,2,3,2,361
ITF13,2000,2,3,2,1196
ITF13,2000,2,2,2,81356
ITF13,2000,2,1,2,3426
ITF13,2000,2,1,2,13483
ITF13,2000,2,3,2,3371
ITF13,2000,2,2,2,278819
ITF13,2000,2,2,3,44508
ITF13,2000,2,1,3,1874
ITF13,2000,2,3,3,856
ITF13,2000,2,2,3,115708
ITF13,2000,2,1,3,11740
ITF13,2000,2,3,3,2935
ITF13,2001,1,2,1,6592
ITF13,2001,1,1,1,278
ITF13,2001,1,3,1,69
ITF13,2001,1,3,1,321
ITF13,2001,1,2,1,134211
ITF13,2001,1,1,1,5651
ITF13,2001,1,1,1,3898
ITF13,2001,1,3,1,974
ITF13,2001,1,2,1,247807
ITF13,2001,1,2,2,36995
ITF13,2001,1,1,2,1558
ITF13,2001,1,3,2,389
ITF13,2001,1,3,2,1413
ITF13,2001,1,2,2,88831
ITF13,2001,1,1,2,3740
ITF13,2001,1,1,2,10434
ITF13,2001,1,3,2,2608
ITF13,2001,1,2,2,192049
ITF13,2001,1,2,3,30535
ITF13,2001,1,1,3,1286
ITF13,2001,1,3,3,935
ITF13,2001,1,2,3,92574
ITF13,2001,1,1,3,8086
ITF13,2001,1,3,3,2022
ITF13,2001,2,2,1,3345
ITF13,2001,2,1,1,141
ITF13,2001,2,3,1,35
ITF13,2001,2,3,1,483
ITF13,2001,2,2,1,115777
ITF13,2001,2,1,1,4875
ITF13,2001,2,1,1,4771
ITF13,2001,2,3,1,1193
ITF13,2001,2,2,1,321941
ITF13,2001,2,2,2,34258
ITF13,2001,2,1,2,1442
ITF13,2001,2,3,2,361
ITF13,2001,2,3,2,1219
ITF13,2001,2,2,2,84746
ITF13,2001,2,1,2,3568
ITF13,2001,2,1,2,13555
ITF13,2001,2,3,2,3389
ITF13,2001,2,2,2,287548
ITF13,2001,2,2,3,45838
ITF13,2001,2,1,3,1930
ITF13,2001,2,3,3,892
ITF13,2001,2,2,3,113314
ITF13,2001,2,1,3,12107
ITF13,2001,2,3,3,3027
ITF13,2002,1,2,1,6650
ITF13,2002,1,1,1,280
ITF13,2002,1,3,1,70
ITF13,2002,1,3,1,332
ITF13,2002,1,2,1,137336
ITF13,2002,1,1,1,5783
ITF13,2002,1,1,1,3944
ITF13,2002,1,3,1,986
ITF13,2002,1,2,1,247866
ITF13,2002,1,2,2,37169
ITF13,2002,1,1,2,1565
ITF13,2002,1,3,2,391
ITF13,2002,1,3,2,1446
ITF13,2002,1,2,2,91879
ITF13,2002,1,1,2,3869
ITF13,2002,1,1,2,10436
ITF13,2002,1,3,2,2609
ITF13,2002,1,2,2,199615
ITF13,2002,1,2,3,31528
ITF13,2002,1,1,3,1327
ITF13,2002,1,3,3,967
ITF13,2002,1,2,3,93661
ITF13,2002,1,1,3,8405
ITF13,2002,1,3,3,2101
ITF13,2002,2,2,1,3376
ITF13,2002,2,1,1,142
ITF13,2002,2,3,1,36
ITF13,2002,2,3,1,496
ITF13,2002,2,2,1,118418
ITF13,2002,2,1,1,4986
ITF13,2002,2,1,1,4801
ITF13,2002,2,3,1,1200
ITF13,2002,2,2,1,321678
ITF13,2002,2,2,2,34294
ITF13,2002,2,1,2,1444
ITF13,2002,2,3,2,361
ITF13,2002,2,3,2,1247
ITF13,2002,2,2,2,87748
ITF13,2002,2,1,2,3695
ITF13,2002,2,1,2,13544
ITF13,2002,2,3,2,3386
ITF13,2002,2,2,2,296667
ITF13,2002,2,2,3,47129
ITF13,2002,2,1,3,1984
ITF13,2002,2,3,3,924
ITF13,2002,2,2,3,114029
ITF13,2002,2,1,3,12491
ITF13,2002,2,3,3,3123
ITF13,2003,1,2,1,6757
ITF13,2003,1,1,1,285
ITF13,2003,1,3,1,71
ITF13,2003,1,3,1,544
ITF13,2003,1,2,1,109146
ITF13,2003,1,1,1,4596
ITF13,2003,1,1,1,5480
ITF13,2003,1,3,1,1370
ITF13,2003,1,2,1,269294
ITF13,2003,1,2,2,42727
ITF13,2003,1,1,2,1799
ITF13,2003,1,3,2,450
ITF13,2003,1,3,2,1149
ITF13,2003,1,2,2,106160
ITF13,2003,1,1,2,4470
ITF13,2003,1,1,2,11339
ITF13,2003,1,3,2,2835
ITF13,2003,1,2,2,214729
ITF13,2003,1,2,3,51691
ITF13,2003,1,1,3,2176
ITF13,2003,1,3,3,1117
ITF13,2003,1,2,3,130151
ITF13,2003,1,1,3,9041
ITF13,2003,1,3,3,2260
ITF13,2003,2,2,1,3430
ITF13,2003,2,1,1,144
ITF13,2003,2,3,1,36
ITF13,2003,2,3,1,227
ITF13,2003,2,2,1,101426
ITF13,2003,2,1,1,4271
ITF13,2003,2,1,1,4314
ITF13,2003,2,3,1,1078
ITF13,2003,2,2,1,346599
ITF13,2003,2,2,2,38507
ITF13,2003,2,1,2,1621
ITF13,2003,2,3,2,405
ITF13,2003,2,3,2,1068
ITF13,2003,2,2,2,105827
ITF13,2003,2,1,2,4456
ITF13,2003,2,1,2,14594
ITF13,2003,2,3,2,3648
ITF13,2003,2,2,2,374472
ITF13,2003,2,2,3,21556
ITF13,2003,2,1,3,908
ITF13,2003,2,3,3,1114
ITF13,2003,2,2,3,102449
ITF13,2003,2,1,3,15767
ITF13,2003,2,3,3,3942
ITF13,2004,1,2,1,6865
ITF13,2004,1,1,1,289
ITF13,2004,1,3,1,72
ITF13,2004,1,3,1,560
ITF13,2004,1,2,1,112509
ITF13,2004,1,1,1,4737
ITF13,2004,1,1,1,5672
ITF13,2004,1,3,1,1418
ITF13,2004,1,2,1,267924
ITF13,2004,1,2,2,42931
ITF13,2004,1,1,2,1808
ITF13,2004,1,3,2,452
ITF13,2004,1,3,2,1184
ITF13,2004,1,2,2,108697
ITF13,2004,1,1,2,4577
ITF13,2004,1,1,2,11281
ITF13,2004,1,3,2,2820
ITF13,2004,1,2,2,223554
ITF13,2004,1,2,3,53222
ITF13,2004,1,1,3,2241
ITF13,2004,1,3,3,1144
ITF13,2004,1,2,3,134714
ITF13,2004,1,1,3,9413
ITF13,2004,1,3,3,2353
ITF13,2004,2,2,1,3483
ITF13,2004,2,1,1,147
ITF13,2004,2,3,1,37
ITF13,2004,2,3,1,232
ITF13,2004,2,2,1,104475
ITF13,2004,2,1,1,4399
ITF13,2004,2,1,1,4454
ITF13,2004,2,3,1,1113
ITF13,2004,2,2,1,344135
ITF13,2004,2,2,2,38562
ITF13,2004,2,1,2,1624
ITF13,2004,2,3,2,406
ITF13,2004,2,3,2,1100
ITF13,2004,2,2,2,108461
ITF13,2004,2,1,2,4567
ITF13,2004,2,1,2,14490
ITF13,2004,2,3,2,3622
ITF13,2004,2,2,2,386890
ITF13,2004,2,2,3,22062
ITF13,2004,2,1,3,929
ITF13,2004,2,3,3,1142
ITF13,2004,2,2,3,105779
ITF13,2004,2,1,3,16290
ITF13,2004,2,3,3,4073
ITF13,2005,1,2,1,6972
ITF13,2005,1,1,1,294
ITF13,2005,1,3,1,73
ITF13,2005,1,3,1,577
ITF13,2005,1,2,1,116111
ITF13,2005,1,1,1,4889
ITF13,2005,1,1,1,5927
ITF13,2005,1,3,1,1482
ITF13,2005,1,2,1,265747
ITF13,2005,1,2,2,43166
ITF13,2005,1,1,2,1818
ITF13,2005,1,3,2,454
ITF13,2005,1,3,2,1222
ITF13,2005,1,2,2,110892
ITF13,2005,1,1,2,4669
ITF13,2005,1,1,2,11189
ITF13,2005,1,3,2,2797
ITF13,2005,1,2,2,232674
ITF13,2005,1,2,3,54821
ITF13,2005,1,1,3,2308
ITF13,2005,1,3,3,1167
ITF13,2005,1,2,3,140762
ITF13,2005,1,1,3,9797
ITF13,2005,1,3,3,2449
ITF13,2005,2,2,1,3535
ITF13,2005,2,1,1,149
ITF13,2005,2,3,1,37
ITF13,2005,2,3,1,237
ITF13,2005,2,2,1,107703
ITF13,2005,2,1,1,4535
ITF13,2005,2,1,1,4651
ITF13,2005,2,3,1,1163
ITF13,2005,2,2,1,340422
ITF13,2005,2,2,2,38590
ITF13,2005,2,1,2,1625
ITF13,2005,2,3,2,406
ITF13,2005,2,3,2,1134
ITF13,2005,2,2,2,110641
ITF13,2005,2,1,2,4659
ITF13,2005,2,1,2,14334
ITF13,2005,2,3,2,3583
ITF13,2005,2,2,2,399496
ITF13,2005,2,2,3,22562
ITF13,2005,2,1,3,950
ITF13,2005,2,3,3,1165
ITF13,2005,2,2,3,110464
ITF13,2005,2,1,3,16821
ITF13,2005,2,3,3,4205
ITF13,2006,1,2,1,7086
ITF13,2006,1,1,1,298
ITF13,2006,1,3,1,75
ITF13,2006,1,3,1,385
ITF13,2006,1,2,1,157925
ITF13,2006,1,1,1,6649
ITF13,2006,1,1,1,6078
ITF13,2006,1,3,1,1519
ITF13,2006,1,2,1,314500
ITF13,2006,1,2,2,46160
ITF13,2006,1,1,2,1944
ITF13,2006,1,3,2,486
ITF13,2006,1,3,2,1662
ITF13,2006,1,2,2,153745
ITF13,2006,1,1,2,6473
ITF13,2006,1,1,2,13242
ITF13,2006,1,3,2,3311
ITF13,2006,1,2,2,228319
ITF13,2006,1,2,3,36546
ITF13,2006,1,1,3,1539
ITF13,2006,1,3,3,1618
ITF13,2006,1,2,3,144346
ITF13,2006,1,1,3,9613
ITF13,2006,1,3,3,2403
ITF13,2006,2,2,1,3592
ITF13,2006,2,1,1,151
ITF13,2006,2,3,1,38
ITF13,2006,2,3,1,486
ITF13,2006,2,2,1,94361
ITF13,2006,2,1,1,3973
ITF13,2006,2,1,1,4240
ITF13,2006,2,3,1,1060
ITF13,2006,2,2,1,295638
ITF13,2006,2,2,2,40922
ITF13,2006,2,1,2,1723
ITF13,2006,2,3,2,431
ITF13,2006,2,3,2,993
ITF13,2006,2,2,2,90838
ITF13,2006,2,1,2,3825
ITF13,2006,2,1,2,12448
ITF13,2006,2,3,2,3112
ITF13,2006,2,2,2,397301
ITF13,2006,2,2,3,46216
ITF13,2006,2,1,3,1946
ITF13,2006,2,3,3,956
ITF13,2006,2,2,3,100710
ITF13,2006,2,1,3,16728
ITF13,2006,2,3,3,4182
ITF13,2007,1,2,1,7245
ITF13,2007,1,1,1,305
ITF13,2007,1,3,1,76
ITF13,2007,1,3,1,397
ITF13,2007,1,2,1,163576
ITF13,2007,1,1,1,6887
ITF13,2007,1,1,1,6299
ITF13,2007,1,3,1,1575
ITF13,2007,1,2,1,314616
ITF13,2007,1,2,2,46392
ITF13,2007,1,1,2,1953
ITF13,2007,1,3,2,488
ITF13,2007,1,3,2,1722
ITF13,2007,1,2,2,155814
ITF13,2007,1,1,2,6561
ITF13,2007,1,1,2,13247
ITF13,2007,1,3,2,3312
ITF13,2007,1,2,2,236725
ITF13,2007,1,2,3,37697
ITF13,2007,1,1,3,1587
ITF13,2007,1,3,3,1640
ITF13,2007,1,2,3,149606
ITF13,2007,1,1,3,9967
ITF13,2007,1,3,3,2492
ITF13,2007,2,2,1,3671
ITF13,2007,2,1,1,155
ITF13,2007,2,3,1,39
ITF13,2007,2,3,1,498
ITF13,2007,2,2,1,97566
ITF13,2007,2,1,1,4108
ITF13,2007,2,1,1,4400
ITF13,2007,2,3,1,1100
ITF13,2007,2,2,1,294486
ITF13,2007,2,2,2,40987
ITF13,2007,2,1,2,1726
ITF13,2007,2,3,2,431
ITF13,2007,2,3,2,1027
ITF13,2007,2,2,2,91988
ITF13,2007,2,1,2,3873
ITF13,2007,2,1,2,12399
ITF13,2007,2,3,2,3100
ITF13,2007,2,2,2,409144
ITF13,2007,2,2,3,47289
ITF13,2007,2,1,3,1991
ITF13,2007,2,3,3,968
ITF13,2007,2,2,3,104511
ITF13,2007,2,1,3,17227
ITF13,2007,2,3,3,4307
ITF13,2008,1,2,1,7421
ITF13,2008,1,1,1,312
ITF13,2008,1,3,1,78
ITF13,2008,1,3,1,407
ITF13,2008,1,2,1,169117
ITF13,2008,1,1,1,7121
ITF13,2008,1,1,1,6471
ITF13,2008,1,3,1,1618
ITF13,2008,1,2,1,315783
ITF13,2008,1,2,2,46223
ITF13,2008,1,1,2,1946
ITF13,2008,1,3,2,487
ITF13,2008,1,3,2,1780
ITF13,2008,1,2,2,157959
ITF13,2008,1,1,2,6651
ITF13,2008,1,1,2,13296
ITF13,2008,1,3,2,3324
ITF13,2008,1,2,2,244280
ITF13,2008,1,2,3,38694
ITF13,2008,1,1,3,1629
ITF13,2008,1,3,3,1663
ITF13,2008,1,2,3,153691
ITF13,2008,1,1,3,10285
ITF13,2008,1,3,3,2571
ITF13,2008,2,2,1,3762
ITF13,2008,2,1,1,158
ITF13,2008,2,3,1,40
ITF13,2008,2,3,1,509
ITF13,2008,2,2,1,100791
ITF13,2008,2,1,1,4244
ITF13,2008,2,1,1,4528
ITF13,2008,2,3,1,1132
ITF13,2008,2,2,1,294390
ITF13,2008,2,2,2,40950
ITF13,2008,2,1,2,1724
ITF13,2008,2,3,2,431
ITF13,2008,2,3,2,1061
ITF13,2008,2,2,2,93222
ITF13,2008,2,1,2,3925
ITF13,2008,2,1,2,12395
ITF13,2008,2,3,2,3099
ITF13,2008,2,2,2,419954
ITF13,2008,2,2,3,48332
ITF13,2008,2,1,3,2035
ITF13,2008,2,3,3,981
ITF13,2008,2,2,3,107533
ITF13,2008,2,1,3,17682
ITF13,2008,2,3,3,4421
ITF13,2009,1,2,1,7554
ITF13,2009,1,1,1,318
ITF13,2009,1,3,1,80
ITF13,2009,1,3,1,562
ITF13,2009,1,2,1,145418
ITF13,2009,1,1,1,6123
ITF13,2009,1,1,1,6364
ITF13,2009,1,3,1,1591
ITF13,2009,1,2,1,286522
ITF13,2009,1,2,2,24106
ITF13,2009,1,1,2,1015
ITF13,2009,1,3,2,254
ITF13,2009,1,3,2,1531
ITF13,2009,1,2,2,130742
ITF13,2009,1,1,2,5505
ITF13,2009,1,1,2,12064
ITF13,2009,1,3,2,3016
ITF13,2009,1,2,2,284209
ITF13,2009,1,2,3,53416
ITF13,2009,1,1,3,2249
ITF13,2009,1,3,3,1376
ITF13,2009,1,2,3,151136
ITF13,2009,1,1,3,11967
ITF13,2009,1,3,3,2992
ITF13,2009,2,2,1,3829
ITF13,2009,2,1,1,161
ITF13,2009,2,3,1,40
ITF13,2009,2,3,1,416
ITF13,2009,2,2,1,82912
ITF13,2009,2,1,1,3491
ITF13,2009,2,1,1,5190
ITF13,2009,2,3,1,1298
ITF13,2009,2,2,1,300530
ITF13,2009,2,2,2,40830
ITF13,2009,2,1,2,1719
ITF13,2009,2,3,2,430
ITF13,2009,2,3,2,873
ITF13,2009,2,2,2,96848
ITF13,2009,2,1,2,4078
ITF13,2009,2,1,2,12654
ITF13,2009,2,3,2,3163
ITF13,2009,2,2,2,420456
ITF13,2009,2,2,3,39532
ITF13,2009,2,1,3,1665
ITF13,2009,2,3,3,1019
ITF13,2009,2,2,3,123267
ITF13,2009,2,1,3,17703
ITF13,2009,2,3,3,4426
ITF13,2010,1,2,1,7680
ITF13,2010,1,1,1,323
ITF13,2010,1,3,1,81
ITF13,2010,1,3,1,567
ITF13,2010,1,2,1,148519
ITF13,2010,1,1,1,6253
ITF13,2010,1,1,1,6448
ITF13,2010,1,3,1,1612
ITF13,2010,1,2,1,289542
ITF13,2010,1,2,2,23280
ITF13,2010,1,1,2,980
ITF13,2010,1,3,2,245
ITF13,2010,1,3,2,1563
ITF13,2010,1,2,2,132601
ITF13,2010,1,1,2,5583
ITF13,2010,1,1,2,12191
ITF13,2010,1,3,2,3048
ITF13,2010,1,2,2,291672
ITF13,2010,1,2,3,53820
ITF13,2010,1,1,3,2266
ITF13,2010,1,3,3,1396
ITF13,2010,1,2,3,153144
ITF13,2010,1,1,3,12281
ITF13,2010,1,3,3,3070
ITF13,2010,2,2,1,3888
ITF13,2010,2,1,1,164
ITF13,2010,2,3,1,41
ITF13,2010,2,3,1,420
ITF13,2010,2,2,1,84799
ITF13,2010,2,1,1,3570
ITF13,2010,2,1,1,5265
ITF13,2010,2,3,1,1316
ITF13,2010,2,2,1,302644
ITF13,2010,2,2,2,39809
ITF13,2010,2,1,2,1676
ITF13,2010,2,3,2,419
ITF13,2010,2,3,2,893
ITF13,2010,2,2,2,98376
ITF13,2010,2,1,2,4142
ITF13,2010,2,1,2,12743
ITF13,2010,2,3,2,3186
ITF13,2010,2,2,2,430033
ITF13,2010,2,2,3,39922
ITF13,2010,2,1,3,1681
ITF13,2010,2,3,3,1036
ITF13,2010,2,2,3,125037
ITF13,2010,2,1,3,18107
ITF13,2010,2,3,3,4527
ITF13,2011,1,2,1,1168
ITF13,2011,1,1,1,49
ITF13,2011,1,3,1,12
ITF13,2011,1,3,1,726
ITF13,2011,1,2,1,208316
ITF13,2011,1,1,1,8771
ITF13,2011,1,1,1,8445
ITF13,2011,1,3,1,2111
ITF13,2011,1,2,1,308013
ITF13,2011,1,2,2,15562
ITF13,2011,1,1,2,655
ITF13,2011,1,3,2,164
ITF13,2011,1,3,2,2193
ITF13,2011,1,2,2,161509
ITF13,2011,1,1,2,6800
ITF13,2011,1,1,2,12969
ITF13,2011,1,3,2,3242
ITF13,2011,1,2,2,321149
ITF13,2011,1,2,3,68969
ITF13,2011,1,1,3,2904
ITF13,2011,1,3,3,1700
ITF13,2011,1,2,3,200570
ITF13,2011,1,1,3,13522
ITF13,2011,1,3,3,3381
ITF13,2011,2,2,1,4019
ITF13,2011,2,1,1,169
ITF13,2011,2,3,1,42
ITF13,2011,2,3,1,638
ITF13,2011,2,2,1,108951
ITF13,2011,2,1,1,4587
ITF13,2011,2,1,1,5943
ITF13,2011,2,3,1,1486
ITF13,2011,2,2,1,338272
ITF13,2011,2,2,2,42747
ITF13,2011,2,1,2,1800
ITF13,2011,2,3,2,450
ITF13,2011,2,3,2,1147
ITF13,2011,2,2,2,115023
ITF13,2011,2,1,2,4843
ITF13,2011,2,1,2,14243
ITF13,2011,2,3,2,3561
ITF13,2011,2,2,2,487170
ITF13,2011,2,2,3,60577
ITF13,2011,2,1,3,2551
ITF13,2011,2,3,3,1211
ITF13,2011,2,2,3,141156
ITF13,2011,2,1,3,20512
ITF13,2011,2,3,3,5128
ITF13,2012,1,2,1,1177
ITF13,2012,1,1,1,50
ITF13,2012,1,3,1,12
ITF13,2012,1,3,1,728
ITF13,2012,1,2,1,211900
ITF13,2012,1,1,1,8922
ITF13,2012,1,1,1,8499
ITF13,2012,1,3,1,2125
ITF13,2012,1,2,1,315479
ITF13,2012,1,2,2,14972
ITF13,2012,1,1,2,630
ITF13,2012,1,3,2,158
ITF13,2012,1,3,2,2231
ITF13,2012,1,2,2,165687
ITF13,2012,1,1,2,6976
ITF13,2012,1,1,2,13283
ITF13,2012,1,3,2,3321
ITF13,2012,1,2,2,326824
ITF13,2012,1,2,3,69173
ITF13,2012,1,1,3,2913
ITF13,2012,1,3,3,1744
ITF13,2012,1,2,3,201851
ITF13,2012,1,1,3,13761
ITF13,2012,1,3,3,3440
ITF13,2012,2,2,1,4049
ITF13,2012,2,1,1,170
ITF13,2012,2,3,1,43
ITF13,2012,2,3,1,641
ITF13,2012,2,2,1,110826
ITF13,2012,2,1,1,4666
ITF13,2012,2,1,1,5975
ITF13,2012,2,3,1,1494
ITF13,2012,2,2,1,345496
ITF13,2012,2,2,2,41424
ITF13,2012,2,1,2,1744
ITF13,2012,2,3,2,436
ITF13,2012,2,3,2,1167
ITF13,2012,2,2,2,118079
ITF13,2012,2,1,2,4972
ITF13,2012,2,1,2,14547
ITF13,2012,2,3,2,3637
ITF13,2012,2,2,2,494940
ITF13,2012,2,2,3,60914
ITF13,2012,2,1,3,2565
ITF13,2012,2,3,3,1243
ITF13,2012,2,2,3,141901
ITF13,2012,2,1,3,20840
ITF13,2012,2,3,3,5210
ITF13,2013,1,2,1,1182
ITF13,2013,1,1,1,50
ITF13,2013,1,3,1,12
ITF13,2013,1,3,1,742
ITF13,2013,1,2,1,220708
ITF13,2013,1,1,1,9293
ITF13,2013,1,1,1,8705
ITF13,2013,1,3,1,2176
ITF13,2013,1,2,1,325612
ITF13,2013,1,2,2,14512
ITF13,2013,1,1,2,611
ITF13,2013,1,3,2,153
ITF13,2013,1,3,2,2323
ITF13,2013,1,2,2,172947
ITF13,2013,1,1,2,7282
ITF13,2013,1,1,2,13710
ITF13,2013,1,3,2,3427
ITF13,2013,1,2,2,339169
ITF13,2013,1,2,3,70488
ITF13,2013,1,1,3,2968
ITF13,2013,1,3,3,1820
ITF13,2013,1,2,3,206736
ITF13,2013,1,1,3,14281
ITF13,2013,1,3,3,3570
ITF13,2013,2,2,1,4059
ITF13,2013,2,1,1,171
ITF13,2013,2,3,1,43
ITF13,2013,2,3,1,651
ITF13,2013,2,2,1,113762
ITF13,2013,2,1,1,4790
ITF13,2013,2,1,1,6000
ITF13,2013,2,3,1,1500
ITF13,2013,2,2,1,350473
ITF13,2013,2,2,2,40274
ITF13,2013,2,1,2,1696
ITF13,2013,2,3,2,424
ITF13,2013,2,3,2,1197
ITF13,2013,2,2,2,121249
ITF13,2013,2,1,2,5105
ITF13,2013,2,1,2,14757
ITF13,2013,2,3,2,3689
ITF13,2013,2,2,2,512374
ITF13,2013,2,2,3,61841
ITF13,2013,2,1,3,2604
ITF13,2013,2,3,3,1276
ITF13,2013,2,2,3,142497
ITF13,2013,2,1,3,21574
ITF13,2013,2,3,3,5393
ITE42,2002,1,2,1,3949
ITE42,2002,1,1,1,166
ITE42,2002,1,3,1,42
ITE42,2002,1,3,1,392
ITE42,2002,1,2,1,110224
ITE42,2002,1,1,1,4641
ITE42,2002,1,1,1,5355
ITE42,2002,1,3,1,1339
ITE42,2002,1,2,1,325940
ITE42,2002,1,2,2,16985
ITE42,2002,1,1,2,715
ITE42,2002,1,3,2,179
ITE42,2002,1,3,2,1160
ITE42,2002,1,2,2,105441
ITE42,2002,1,1,2,4440
ITE42,2002,1,1,2,13724
ITE42,2002,1,3,2,3431
ITE42,2002,1,2,2,241856
ITE42,2002,1,2,3,37280
ITE42,2002,1,1,3,1570
ITE42,2002,1,3,3,1110
ITE42,2002,1,2,3,127191
ITE42,2002,1,1,3,10183
ITE42,2002,1,3,3,2546
ITE42,2002,2,2,1,3743
ITE42,2002,2,1,1,158
ITE42,2002,2,3,1,39
ITE42,2002,2,3,1,262
ITE42,2002,2,2,1,98430
ITE42,2002,2,1,1,4144
ITE42,2002,2,1,1,5837
ITE42,2002,2,3,1,1459
ITE42,2002,2,2,1,349411
ITE42,2002,2,2,2,15269
ITE42,2002,2,1,2,643
ITE42,2002,2,3,2,161
ITE42,2002,2,3,2,1036
ITE42,2002,2,2,2,86517
ITE42,2002,2,1,2,3643
ITE42,2002,2,1,2,14712
ITE42,2002,2,3,2,3678
ITE42,2002,2,2,2,445349
ITE42,2002,2,2,3,24892
ITE42,2002,2,1,3,1048
ITE42,2002,2,3,3,911
ITE42,2002,2,2,3,138630
ITE42,2002,2,1,3,18752
ITE42,2002,2,3,3,4688
ITE42,2003,1,2,1,1981
ITE42,2003,1,1,1,83
ITE42,2003,1,3,1,21
ITE42,2003,1,3,1,356
ITE42,2003,1,2,1,99483
ITE42,2003,1,1,1,4189
ITE42,2003,1,1,1,5396
ITE42,2003,1,3,1,1349
ITE42,2003,1,2,1,308897
ITE42,2003,1,2,2,29380
ITE42,2003,1,1,2,1237
ITE42,2003,1,3,2,309
ITE42,2003,1,3,2,1047
ITE42,2003,1,2,2,99925
ITE42,2003,1,1,2,4207
ITE42,2003,1,1,2,13006
ITE42,2003,1,3,2,3252
ITE42,2003,1,2,2,246779
ITE42,2003,1,2,3,33775
ITE42,2003,1,1,3,1422
ITE42,2003,1,3,3,1052
ITE42,2003,1,2,3,128165
ITE42,2003,1,1,3,10391
ITE42,2003,1,3,3,2598
ITE42,2003,2,2,1,3755
ITE42,2003,2,1,1,158
ITE42,2003,2,3,1,40
ITE42,2003,2,3,1,311
ITE42,2003,2,2,1,61832
ITE42,2003,2,1,1,2603
ITE42,2003,2,1,1,5733
ITE42,2003,2,3,1,1433
ITE42,2003,2,2,1,375080
ITE42,2003,2,2,2,14709
ITE42,2003,2,1,2,619
ITE42,2003,2,3,2,155
ITE42,2003,2,3,2,651
ITE42,2003,2,2,2,97826
ITE42,2003,2,1,2,4119
ITE42,2003,2,1,2,15793
ITE42,2003,2,3,2,3948
ITE42,2003,2,2,2,535607
ITE42,2003,2,2,3,29550
ITE42,2003,2,1,3,1244
ITE42,2003,2,3,3,1030
ITE42,2003,2,2,3,136148
ITE42,2003,2,1,3,22552
ITE42,2003,2,3,3,5638
ITE42,2004,1,2,1,1986
ITE42,2004,1,1,1,84
ITE42,2004,1,3,1,21
ITE42,2004,1,3,1,364
ITE42,2004,1,2,1,99515
ITE42,2004,1,1,1,4190
ITE42,2004,1,1,1,5292
ITE42,2004,1,3,1,1323
ITE42,2004,1,2,1,314295
ITE42,2004,1,2,2,29192
ITE42,2004,1,1,2,1229
ITE42,2004,1,3,2,307
ITE42,2004,1,3,2,1048
ITE42,2004,1,2,2,104179
ITE42,2004,1,1,2,4386
ITE42,2004,1,1,2,13233
ITE42,2004,1,3,2,3308
ITE42,2004,1,2,2,253790
ITE42,2004,1,2,3,34533
ITE42,2004,1,1,3,1454
ITE42,2004,1,3,3,1097
ITE42,2004,1,2,3,125676
ITE42,2004,1,1,3,10686
ITE42,2004,1,3,3,2671
ITE42,2004,2,2,1,3761
ITE42,2004,2,1,1,158
ITE42,2004,2,3,1,40
ITE42,2004,2,3,1,319
ITE42,2004,2,2,1,62026
ITE42,2004,2,1,1,2612
ITE42,2004,2,1,1,5616
ITE42,2004,2,3,1,1404
ITE42,2004,2,2,1,378587
ITE42,2004,2,2,2,14578
ITE42,2004,2,1,2,614
ITE42,2004,2,3,2,153
ITE42,2004,2,3,2,653
ITE42,2004,2,2,2,101794
ITE42,2004,2,1,2,4286
ITE42,2004,2,1,2,15941
ITE42,2004,2,3,2,3985
ITE42,2004,2,2,2,547484
ITE42,2004,2,2,3,30258
ITE42,2004,2,1,3,1274
ITE42,2004,2,3,3,1072
ITE42,2004,2,2,3,133384
ITE42,2004,2,1,3,23052
ITE42,2004,2,3,3,5763
ITE42,2005,1,2,1,1996
ITE42,2005,1,1,1,84
ITE42,2005,1,3,1,21
ITE42,2005,1,3,1,371
ITE42,2005,1,2,1,104169
ITE42,2005,1,1,1,4386
ITE42,2005,1,1,1,6090
ITE42,2005,1,3,1,1523
ITE42,2005,1,2,1,386875
ITE42,2005,1,2,2,17012
ITE42,2005,1,1,2,716
ITE42,2005,1,3,2,179
ITE42,2005,1,3,2,1097
ITE42,2005,1,2,2,116382
ITE42,2005,1,1,2,4900
ITE42,2005,1,1,2,16289
ITE42,2005,1,3,2,4072
ITE42,2005,1,2,2,268259
ITE42,2005,1,2,3,35217
ITE42,2005,1,1,3,1483
ITE42,2005,1,3,3,1225
ITE42,2005,1,2,3,144643
ITE42,2005,1,1,3,11295
ITE42,2005,1,3,3,2824
ITE42,2005,2,2,1,3778
ITE42,2005,2,1,1,159
ITE42,2005,2,3,1,40
ITE42,2005,2,3,1,510
ITE42,2005,2,2,1,77485
ITE42,2005,2,1,1,3263
ITE42,2005,2,1,1,4974
ITE42,2005,2,3,1,1244
ITE42,2005,2,2,1,364437
ITE42,2005,2,2,2,19519
ITE42,2005,2,1,2,822
ITE42,2005,2,3,2,205
ITE42,2005,2,3,2,816
ITE42,2005,2,2,2,96153
ITE42,2005,2,1,2,4049
ITE42,2005,2,1,2,15345
ITE42,2005,2,3,2,3836
ITE42,2005,2,2,2,541438
ITE42,2005,2,2,3,48441
ITE42,2005,2,1,3,2040
ITE42,2005,2,3,3,1012
ITE42,2005,2,2,3,118133
ITE42,2005,2,1,3,22797
ITE42,2005,2,3,3,5699
ITE42,2006,1,2,1,4005
ITE42,2006,1,1,1,169
ITE42,2006,1,3,1,42
ITE42,2006,1,3,1,421
ITE42,2006,1,2,1,127317
ITE42,2006,1,1,1,5361
ITE42,2006,1,1,1,6304
ITE42,2006,1,3,1,1576
ITE42,2006,1,2,1,391873
ITE42,2006,1,2,2,23089
ITE42,2006,1,1,2,972
ITE42,2006,1,3,2,243
ITE42,2006,1,3,2,1340
ITE42,2006,1,2,2,125865
ITE42,2006,1,1,2,5300
ITE42,2006,1,1,2,16500
ITE42,2006,1,3,2,4125
ITE42,2006,1,2,2,284480
ITE42,2006,1,2,3,40022
ITE42,2006,1,1,3,1685
ITE42,2006,1,3,3,1325
ITE42,2006,1,2,3,149722
ITE42,2006,1,1,3,11978
ITE42,2006,1,3,3,2995
ITE42,2006,2,2,1,1893
ITE42,2006,2,1,1,80
ITE42,2006,2,3,1,20
ITE42,2006,2,3,1,327
ITE42,2006,2,2,1,100760
ITE42,2006,2,1,1,4243
ITE42,2006,2,1,1,6026
ITE42,2006,2,3,1,1507
ITE42,2006,2,2,1,6597
ITE42,2006,2,2,2,278
ITE42,2006,2,1,2,69
ITE42,2006,2,3,2,311
ITE42,2006,2,3,2,131610
ITE42,2006,2,2,2,5541
ITE42,2006,2,1,2,3963
ITE42,2006,2,1,2,991
ITE42,2006,2,3,2,246137
ITE42,2006,2,2,2,36941
ITE42,2006,2,2,3,1555
ITE42,2006,2,1,3,389
ITE42,2006,2,3,3,1385
ITE42,2006,2,2,3,85294
ITE42,2006,2,1,3,3591
ITE42,2006,2,3,3,10364
ITE42,2007,1,2,1,2591
ITE42,2007,1,1,1,184827
ITE42,2007,1,3,1,29559
ITE42,2007,1,3,1,1245
ITE42,2007,1,2,1,898
ITE42,2007,1,1,1,94113
ITE42,2007,1,1,1,7782
ITE42,2007,1,3,1,1946
ITE42,2007,1,2,1,3344
ITE42,2007,1,2,2,141
ITE42,2007,1,1,2,35
ITE42,2007,1,3,2,469
ITE42,2007,1,3,2,113580
ITE42,2007,1,2,2,4782
ITE42,2007,1,1,2,4872
ITE42,2007,1,1,2,1218
ITE42,2007,1,3,2,320223
ITE42,2007,1,2,2,34319
ITE42,2007,1,2,3,1445
ITE42,2007,1,1,3,361
ITE42,2007,1,3,3,1196
ITE42,2007,1,2,3,81356
ITE42,2007,1,1,3,3426
ITE42,2007,1,3,3,13483
ITE42,2007,2,2,1,3371
ITE42,2007,2,1,1,278819
ITE42,2007,2,3,1,44508
ITE42,2007,2,3,1,1874
ITE42,2007,2,2,1,856
ITE42,2007,2,1,1,115708
ITE42,2007,2,1,1,11740
ITE42,2007,2,3,1,2935
ITE42,2007,2,2,1,6592
ITE42,2007,2,2,2,278
ITE42,2007,2,1,2,69
ITE42,2007,2,3,2,321
ITE42,2007,2,3,2,134211
ITE42,2007,2,2,2,5651
ITE42,2007,2,1,2,3898
ITE42,2007,2,1,2,974
ITE42,2007,2,3,2,247807
ITE42,2007,2,2,2,36995
ITE42,2007,2,2,3,1558
ITE42,2007,2,1,3,389
ITE42,2007,2,3,3,1413
ITE42,2007,2,2,3,88831
ITE42,2007,2,1,3,3740
ITE42,2007,2,3,3,10434
ITE42,2008,1,2,1,2608
ITE42,2008,1,1,1,192049
ITE42,2008,1,3,1,30535
ITE42,2008,1,3,1,1286
ITE42,2008,1,2,1,935
ITE42,2008,1,1,1,92574
ITE42,2008,1,1,1,8086
ITE42,2008,1,3,1,2022
ITE42,2008,1,2,1,3345
ITE42,2008,1,2,2,141
ITE42,2008,1,1,2,35
ITE42,2008,1,3,2,483
ITE42,2008,1,3,2,115777
ITE42,2008,1,2,2,4875
ITE42,2008,1,1,2,4771
ITE42,2008,1,1,2,1193
ITE42,2008,1,3,2,321941
ITE42,2008,1,2,2,34258
ITE42,2008,1,2,3,1442
ITE42,2008,1,1,3,361
ITE42,2008,1,3,3,1219
ITE42,2008,1,2,3,84746
ITE42,2008,1,1,3,3568
ITE42,2008,1,3,3,13555
ITE42,2008,2,2,1,3389
ITE42,2008,2,1,1,287548
ITE42,2008,2,3,1,45838
ITE42,2008,2,3,1,1930
ITE42,2008,2,2,1,892
ITE42,2008,2,1,1,113314
ITE42,2008,2,1,1,12107
ITE42,2008,2,3,1,3027
ITE42,2008,2,2,1,6650
ITE42,2008,2,2,2,280
ITE42,2008,2,1,2,70
ITE42,2008,2,3,2,332
ITE42,2008,2,3,2,137336
ITE42,2008,2,2,2,5783
ITE42,2008,2,1,2,3944
ITE42,2008,2,1,2,986
ITE42,2008,2,3,2,247866
ITE42,2008,2,2,2,37169
ITE42,2008,2,2,3,1565
ITE42,2008,2,1,3,391
ITE42,2008,2,3,3,1446
ITE42,2008,2,2,3,91879
ITE42,2008,2,1,3,3869
ITE42,2008,2,3,3,10436
ITE42,2009,1,2,1,2609
ITE42,2009,1,1,1,199615
ITE42,2009,1,3,1,31528
ITE42,2009,1,3,1,1327
ITE42,2009,1,2,1,967
ITE42,2009,1,1,1,93661
ITE42,2009,1,1,1,8405
ITE42,2009,1,3,1,2101
ITE42,2009,1,2,1,3376
ITE42,2009,1,2,2,142
ITE42,2009,1,1,2,36
ITE42,2009,1,3,2,496
ITE42,2009,1,3,2,118418
ITE42,2009,1,2,2,4986
ITE42,2009,1,1,2,4801
ITE42,2009,1,1,2,1200
ITE42,2009,1,3,2,321678
ITE42,2009,1,2,2,34294
ITE42,2009,1,2,3,1444
ITE42,2009,1,1,3,361
ITE42,2009,1,3,3,1247
ITE42,2009,1,2,3,87748
ITE42,2009,1,1,3,3695
ITE42,2009,1,3,3,13544
ITE42,2009,2,2,1,3386
ITE42,2009,2,1,1,296667
ITE42,2009,2,3,1,47129
ITE42,2009,2,3,1,1984
ITE42,2009,2,2,1,924
ITE42,2009,2,1,1,114029
ITE42,2009,2,1,1,12491
ITE42,2009,2,3,1,3123
ITE42,2009,2,2,1,6757
ITE42,2009,2,2,2,285
ITE42,2009,2,1,2,71
ITE42,2009,2,3,2,544
ITE42,2009,2,3,2,109146
ITE42,2009,2,2,2,4596
ITE42,2009,2,1,2,5480
ITE42,2009,2,1,2,1370
ITE42,2009,2,3,2,269294
ITE42,2009,2,2,2,42727
ITE42,2009,2,2,3,1799
ITE42,2009,2,1,3,450
ITE42,2009,2,3,3,1149
ITE42,2009,2,2,3,106160
ITE42,2009,2,1,3,4470
ITE42,2009,2,3,3,11339
ITE42,2010,1,2,1,2835
ITE42,2010,1,1,1,214729
ITE42,2010,1,3,1,51691
ITE42,2010,1,3,1,2176
ITE42,2010,1,2,1,1117
ITE42,2010,1,1,1,130151
ITE42,2010,1,1,1,9041
ITE42,2010,1,3,1,2260
ITE42,2010,1,2,1,3430
ITE42,2010,1,2,2,144
ITE42,2010,1,1,2,36
ITE42,2010,1,3,2,227
ITE42,2010,1,3,2,101426
ITE42,2010,1,2,2,4271
ITE42,2010,1,1,2,4314
ITE42,2010,1,1,2,1078
ITE42,2010,1,3,2,346599
ITE42,2010,1,2,2,38507
ITE42,2010,1,2,3,1621
ITE42,2010,1,1,3,405
ITE42,2010,1,3,3,1068
ITE42,2010,1,2,3,105827
ITE42,2010,1,1,3,4456
ITE42,2010,1,3,3,14594
ITE42,2010,2,2,1,3648
ITE42,2010,2,1,1,374472
ITE42,2010,2,3,1,21556
ITE42,2010,2,3,1,908
ITE42,2010,2,2,1,1114
ITE42,2010,2,1,1,102449
ITE42,2010,2,1,1,15767
ITE42,2010,2,3,1,3942
ITE42,2010,2,2,1,6865
ITE42,2010,2,2,2,289
ITE42,2010,2,1,2,72
ITE42,2010,2,3,2,560
ITE42,2010,2,3,2,112509
ITE42,2010,2,2,2,4737
ITE42,2010,2,1,2,5672
ITE42,2010,2,1,2,1418
ITE42,2010,2,3,2,267924
ITE42,2010,2,2,2,42931
ITE42,2010,2,2,3,1808
ITE42,2010,2,1,3,452
ITE42,2010,2,3,3,1184
ITE42,2010,2,2,3,108697
ITE42,2010,2,1,3,4577
ITE42,2010,2,3,3,11281
ITE42,2011,1,2,1,2820
ITE42,2011,1,1,1,223554
ITE42,2011,1,3,1,53222
ITE42,2011,1,3,1,2241
ITE42,2011,1,2,1,1144
ITE42,2011,1,1,1,134714
ITE42,2011,1,1,1,9413
ITE42,2011,1,3,1,2353
ITE42,2011,1,2,1,3483
ITE42,2011,1,2,2,147
ITE42,2011,1,1,2,37
ITE42,2011,1,3,2,232
ITE42,2011,1,3,2,104475
ITE42,2011,1,2,2,4399
ITE42,2011,1,1,2,4454
ITE42,2011,1,1,2,1113
ITE42,2011,1,3,2,344135
ITE42,2011,1,2,2,38562
ITE42,2011,1,2,3,1624
ITE42,2011,1,1,3,406
ITE42,2011,1,3,3,1100
ITE42,2011,1,2,3,108461
ITE42,2011,1,1,3,4567
ITE42,2011,1,3,3,14490
ITE42,2011,2,2,1,3622
ITE42,2011,2,1,1,386890
ITE42,2011,2,3,1,22062
ITE42,2011,2,3,1,929
ITE42,2011,2,2,1,1142
ITE42,2011,2,1,1,105779
ITE42,2011,2,1,1,16290
ITE42,2011,2,3,1,4073
ITE42,2011,2,2,1,6972
ITE42,2011,2,2,2,294
ITE42,2011,2,1,2,73
ITE42,2011,2,3,2,577
ITE42,2011,2,3,2,116111
ITE42,2011,2,2,2,4889
ITE42,2011,2,1,2,5927
ITE42,2011,2,1,2,1482
ITE42,2011,2,3,2,265747
ITE42,2011,2,2,2,43166
ITE42,2011,2,2,3,1818
ITE42,2011,2,1,3,454
ITE42,2011,2,3,3,1222
ITE42,2011,2,2,3,110892
ITE42,2011,2,1,3,4669
ITE42,2011,2,3,3,11189
ITE42,2012,1,2,1,2797
ITE42,2012,1,1,1,232674
ITE42,2012,1,3,1,54821
ITE42,2012,1,3,1,2308
ITE42,2012,1,2,1,1167
ITE42,2012,1,1,1,140762
ITE42,2012,1,1,1,9797
ITE42,2012,1,3,1,2449
ITE42,2012,1,2,1,3535
ITE42,2012,1,2,2,149
ITE42,2012,1,1,2,37
ITE42,2012,1,3,2,237
ITE42,2012,1,3,2,107703
ITE42,2012,1,2,2,4535
ITE42,2012,1,1,2,4651
ITE42,2012,1,1,2,1163
ITE42,2012,1,3,2,340422
ITE42,2012,1,2,2,38590
ITE42,2012,1,2,3,1625
ITE42,2012,1,1,3,406
ITE42,2012,1,3,3,1134
ITE42,2012,1,2,3,110641
ITE42,2012,1,1,3,4659
ITE42,2012,1,3,3,14334
ITE42,2012,2,2,1,3583
ITE42,2012,2,1,1,399496
ITE42,2012,2,3,1,22562
ITE42,2012,2,3,1,950
ITE42,2012,2,2,1,1165
ITE42,2012,2,1,1,110464
ITE42,2012,2,1,1,16821
ITE42,2012,2,3,1,4205
ITE42,2012,2,2,1,7086
ITE42,2012,2,2,2,298
ITE42,2012,2,1,2,75
ITE42,2012,2,3,2,385
ITE42,2012,2,3,2,157925
ITE42,2012,2,2,2,6649
ITE42,2012,2,1,2,6078
ITE42,2012,2,1,2,1519
ITE42,2012,2,3,2,314500
ITE42,2012,2,2,2,46160
ITE42,2012,2,2,3,1944
ITE42,2012,2,1,3,486
ITE42,2012,2,3,3,1662
ITE42,2012,2,2,3,153745
ITE42,2012,2,1,3,6473
ITE42,2012,2,3,3,13242
ITE42,2013,1,2,1,3311
ITE42,2013,1,1,1,228319
ITE42,2013,1,3,1,36546
ITE42,2013,1,3,1,1539
ITE42,2013,1,2,1,1618
ITE42,2013,1,1,1,144346
ITE42,2013,1,1,1,9613
ITE42,2013,1,3,1,2403
ITE42,2013,1,2,1,3592
ITE42,2013,1,2,2,151
ITE42,2013,1,1,2,38
ITE42,2013,1,3,2,486
ITE42,2013,1,3,2,94361
ITE42,2013,1,2,2,3973
ITE42,2013,1,1,2,4240
ITE42,2013,1,1,2,1060
ITE42,2013,1,3,2,295638
ITE42,2013,1,2,2,40922
ITE42,2013,1,2,3,1723
ITE42,2013,1,1,3,431
ITE42,2013,1,3,3,993
ITE42,2013,1,2,3,90838
ITE42,2013,1,1,3,3825
ITE42,2013,1,3,3,12448
ITE42,2013,2,2,1,3112
ITE42,2013,2,1,1,397301
ITE42,2013,2,3,1,46216
ITE42,2013,2,3,1,1946
ITE42,2013,2,2,1,956
ITE42,2013,2,1,1,100710
ITE42,2013,2,1,1,16728
ITE42,2013,2,3,1,4182
ITE42,2013,2,2,1,7245
ITE42,2013,2,2,2,305
ITE42,2013,2,1,2,76
ITE42,2013,2,3,2,397
ITE42,2013,2,3,2,163576
ITE42,2013,2,2,2,6887
ITE42,2013,2,1,2,6299
ITE42,2013,2,1,2,1575
ITE42,2013,2,3,2,314616
ITE42,2013,2,2,2,46392
ITE42,2013,2,2,3,1953
ITE42,2013,2,1,3,488
ITE42,2013,2,3,3,1722
ITE42,2013,2,2,3,155814
ITE42,2013,2,1,3,6561
ITE42,2013,2,3,3,13247
ITF21,2007,1,2,1,3312
ITF21,2007,1,1,1,236725
ITF21,2007,1,3,1,37697
ITF21,2007,1,3,1,1587
ITF21,2007,1,2,1,1640
ITF21,2007,1,1,1,149606
ITF21,2007,1,1,1,9967
ITF21,2007,1,3,1,2492
ITF21,2007,1,2,1,3671
ITF21,2007,1,2,2,155
ITF21,2007,1,1,2,39
ITF21,2007,1,3,2,498
ITF21,2007,1,3,2,97566
ITF21,2007,1,2,2,4108
ITF21,2007,1,1,2,4400
ITF21,2007,1,1,2,1100
ITF21,2007,1,3,2,294486
ITF21,2007,1,2,2,40987
ITF21,2007,1,2,3,1726
ITF21,2007,1,1,3,431
ITF21,2007,1,3,3,1027
ITF21,2007,1,2,3,91988
ITF21,2007,1,1,3,3873
ITF21,2007,1,3,3,12399
ITF21,2007,2,2,1,3100
ITF21,2007,2,1,1,409144
ITF21,2007,2,3,1,47289
ITF21,2007,2,3,1,1991
ITF21,2007,2,2,1,968
ITF21,2007,2,1,1,104511
ITF21,2007,2,1,1,17227
ITF21,2007,2,3,1,4307
ITF21,2007,2,2,1,7421
ITF21,2007,2,2,2,312
ITF21,2007,2,1,2,78
ITF21,2007,2,3,2,407
ITF21,2007,2,3,2,169117
ITF21,2007,2,2,2,7121
ITF21,2007,2,1,2,6471
ITF21,2007,2,1,2,1618
ITF21,2007,2,3,2,315783
ITF21,2007,2,2,2,46223
ITF21,2007,2,2,3,1946
ITF21,2007,2,1,3,487
ITF21,2007,2,3,3,1780
ITF21,2007,2,2,3,157959
ITF21,2007,2,1,3,6651
ITF21,2007,2,3,3,13296
ITF21,2008,1,2,1,3324
ITF21,2008,1,1,1,244280
ITF21,2008,1,3,1,38694
ITF21,2008,1,3,1,1629
ITF21,2008,1,2,1,1663
ITF21,2008,1,1,1,153691
ITF21,2008,1,1,1,10285
ITF21,2008,1,3,1,2571
ITF21,2008,1,2,1,3762
ITF21,2008,1,2,2,158
ITF21,2008,1,1,2,40
ITF21,2008,1,3,2,509
ITF21,2008,1,3,2,100791
ITF21,2008,1,2,2,4244
ITF21,2008,1,1,2,4528
ITF21,2008,1,1,2,1132
ITF21,2008,1,3,2,294390
ITF21,2008,1,2,2,40950
ITF21,2008,1,2,3,1724
ITF21,2008,1,1,3,431
ITF21,2008,1,3,3,1061
ITF21,2008,1,2,3,93222
ITF21,2008,1,1,3,3925
ITF21,2008,1,3,3,12395
ITF21,2008,2,2,1,3099
ITF21,2008,2,1,1,419954
ITF21,2008,2,3,1,48332
ITF21,2008,2,3,1,2035
ITF21,2008,2,2,1,981
ITF21,2008,2,1,1,107533
ITF21,2008,2,1,1,17682
ITF21,2008,2,3,1,4421
ITF21,2008,2,2,1,7554
ITF21,2008,2,2,2,318
ITF21,2008,2,1,2,80
ITF21,2008,2,3,2,562
ITF21,2008,2,3,2,145418
ITF21,2008,2,2,2,6123
ITF21,2008,2,1,2,6364
ITF21,2008,2,1,2,1591
ITF21,2008,2,3,2,286522
ITF21,2008,2,2,2,24106
ITF21,2008,2,2,3,1015
ITF21,2008,2,1,3,254
ITF21,2008,2,3,3,1531
ITF21,2008,2,2,3,130742
ITF21,2008,2,1,3,5505
ITF21,2008,2,3,3,12064
ITF21,2009,1,2,1,3016
ITF21,2009,1,1,1,284209
ITF21,2009,1,3,1,53416
ITF21,2009,1,3,1,2249
ITF21,2009,1,2,1,1376
ITF21,2009,1,1,1,151136
ITF21,2009,1,1,1,11967
ITF21,2009,1,3,1,2992
ITF21,2009,1,2,1,3829
ITF21,2009,1,2,2,161
ITF21,2009,1,1,2,40
ITF21,2009,1,3,2,416
ITF21,2009,1,3,2,82912
ITF21,2009,1,2,2,3491
ITF21,2009,1,1,2,5190
ITF21,2009,1,1,2,1298
ITF21,2009,1,3,2,300530
ITF21,2009,1,2,2,40830
ITF21,2009,1,2,3,1719
ITF21,2009,1,1,3,430
ITF21,2009,1,3,3,873
ITF21,2009,1,2,3,96848
ITF21,2009,1,1,3,4078
ITF21,2009,1,3,3,12654
ITF21,2009,2,2,1,3163
ITF21,2009,2,1,1,420456
ITF21,2009,2,3,1,39532
ITF21,2009,2,3,1,1665
ITF21,2009,2,2,1,1019
ITF21,2009,2,1,1,123267
ITF21,2009,2,1,1,17703
ITF21,2009,2,3,1,4426
ITF21,2009,2,2,1,7680
ITF21,2009,2,2,2,323
ITF21,2009,2,1,2,81
ITF21,2009,2,3,2,567
ITF21,2009,2,3,2,148519
ITF21,2009,2,2,2,6253
ITF21,2009,2,1,2,6448
ITF21,2009,2,1,2,1612
ITF21,2009,2,3,2,289542
ITF21,2009,2,2,2,23280
ITF21,2009,2,2,3,980
ITF21,2009,2,1,3,245
ITF21,2009,2,3,3,1563
ITF21,2009,2,2,3,132601
ITF21,2009,2,1,3,5583
ITF21,2009,2,3,3,12191
ITF21,2010,1,2,1,3048
ITF21,2010,1,1,1,291672
ITF21,2010,1,3,1,53820
ITF21,2010,1,3,1,2266
ITF21,2010,1,2,1,1396
ITF21,2010,1,1,1,153144
ITF21,2010,1,1,1,12281
ITF21,2010,1,3,1,3070
ITF21,2010,1,2,1,3888
ITF21,2010,1,2,2,164
ITF21,2010,1,1,2,41
ITF21,2010,1,3,2,420
ITF21,2010,1,3,2,84799
ITF21,2010,1,2,2,3570
ITF21,2010,1,1,2,5265
ITF21,2010,1,1,2,1316
ITF21,2010,1,3,2,302644
ITF21,2010,1,2,2,39809
ITF21,2010,1,2,3,1676
ITF21,2010,1,1,3,419
ITF21,2010,1,3,3,893
ITF21,2010,1,2,3,98376
ITF21,2010,1,1,3,4142
ITF21,2010,1,3,3,12743
ITF21,2010,2,2,1,3186
ITF21,2010,2,1,1,430033
ITF21,2010,2,3,1,39922
ITF21,2010,2,3,1,1681
ITF21,2010,2,2,1,1036
ITF21,2010,2,1,1,125037
ITF21,2010,2,1,1,18107
ITF21,2010,2,3,1,4527
ITF21,2010,2,2,1,1168
ITF21,2010,2,2,2,49
ITF21,2010,2,1,2,12
ITF21,2010,2,3,2,726
ITF21,2010,2,3,2,208316
ITF21,2010,2,2,2,8771
ITF21,2010,2,1,2,8445
ITF21,2010,2,1,2,2111
ITF21,2010,2,3,2,308013
ITF21,2010,2,2,2,15562
ITF21,2010,2,2,3,655
ITF21,2010,2,1,3,164
ITF21,2010,2,3,3,2193
ITF21,2010,2,2,3,161509
ITF21,2010,2,1,3,6800
ITF21,2010,2,3,3,12969
ITF21,2011,1,2,1,3242
ITF21,2011,1,1,1,321149
ITF21,2011,1,3,1,68969
ITF21,2011,1,3,1,2904
ITF21,2011,1,2,1,1700
ITF21,2011,1,1,1,200570
ITF21,2011,1,1,1,13522
ITF21,2011,1,3,1,3381
ITF21,2011,1,2,1,4019
ITF21,2011,1,2,2,169
ITF21,2011,1,1,2,42
ITF21,2011,1,3,2,638
ITF21,2011,1,3,2,108951
ITF21,2011,1,2,2,4587
ITF21,2011,1,1,2,5943
ITF21,2011,1,1,2,1486
ITF21,2011,1,3,2,338272
ITF21,2011,1,2,2,42747
ITF21,2011,1,2,3,1800
ITF21,2011,1,1,3,450
ITF21,2011,1,3,3,1147
ITF21,2011,1,2,3,115023
ITF21,2011,1,1,3,4843
ITF21,2011,1,3,3,14243
ITF21,2011,2,2,1,3561
ITF21,2011,2,1,1,487170
ITF21,2011,2,3,1,60577
ITF21,2011,2,3,1,2551
ITF21,2011,2,2,1,1211
ITF21,2011,2,1,1,141156
ITF21,2011,2,1,1,20512
ITF21,2011,2,3,1,5128
ITF21,2011,2,2,1,1177
ITF21,2011,2,2,2,50
ITF21,2011,2,1,2,12
ITF21,2011,2,3,2,728
ITF21,2011,2,3,2,211900
ITF21,2011,2,2,2,8922
ITF21,2011,2,1,2,8499
ITF21,2011,2,1,2,2125
ITF21,2011,2,3,2,315479
ITF21,2011,2,2,2,14972
ITF21,2011,2,2,3,630
ITF21,2011,2,1,3,158
ITF21,2011,2,3,3,2231
ITF21,2011,2,2,3,165687
ITF21,2011,2,1,3,6976
ITF21,2011,2,3,3,13283
ITF21,2012,1,2,1,3321
ITF21,2012,1,1,1,326824
ITF21,2012,1,3,1,69173
ITF21,2012,1,3,1,2913
ITF21,2012,1,2,1,1744
ITF21,2012,1,1,1,201851
ITF21,2012,1,1,1,13761
ITF21,2012,1,3,1,3440
ITF21,2012,1,2,1,4049
ITF21,2012,1,2,2,170
ITF21,2012,1,1,2,43
ITF21,2012,1,3,2,641
ITF21,2012,1,3,2,110826
ITF21,2012,1,2,2,4666
ITF21,2012,1,1,2,5975
ITF21,2012,1,1,2,1494
ITF21,2012,1,3,2,345496
ITF21,2012,1,2,2,41424
ITF21,2012,1,2,3,1744
ITF21,2012,1,1,3,436
ITF21,2012,1,3,3,1167
ITF21,2012,1,2,3,118079
ITF21,2012,1,1,3,4972
ITF21,2012,1,3,3,14547
ITF21,2012,2,2,1,3637
ITF21,2012,2,1,1,494940
ITF21,2012,2,3,1,60914
ITF21,2012,2,3,1,2565
ITF21,2012,2,2,1,1243
ITF21,2012,2,1,1,141901
ITF21,2012,2,1,1,20840
ITF21,2012,2,3,1,5210
ITF21,2012,2,2,1,1182
ITF21,2012,2,2,2,50
ITF21,2012,2,1,2,12
ITF21,2012,2,3,2,742
ITF21,2012,2,3,2,220708
ITF21,2012,2,2,2,9293
ITF21,2012,2,1,2,8705
ITF21,2012,2,1,2,2176
ITF21,2012,2,3,2,325612
ITF21,2012,2,2,2,14512
ITF21,2012,2,2,3,611
ITF21,2012,2,1,3,153
ITF21,2012,2,3,3,2323
ITF21,2012,2,2,3,172947
ITF21,2012,2,1,3,7282
ITF21,2012,2,3,3,13710
ITF21,2013,1,2,1,3427
ITF21,2013,1,1,1,339169
ITF21,2013,1,3,1,70488
ITF21,2013,1,3,1,2968
ITF21,2013,1,2,1,1820
ITF21,2013,1,1,1,206736
ITF21,2013,1,1,1,14281
ITF21,2013,1,3,1,3570
ITF21,2013,1,2,1,4059
ITF21,2013,1,2,2,171
ITF21,2013,1,1,2,43
ITF21,2013,1,3,2,651
ITF21,2013,1,3,2,113762
ITF21,2013,1,2,2,4790
ITF21,2013,1,1,2,6000
ITF21,2013,1,1,2,1500
ITF21,2013,1,3,2,350473
ITF21,2013,1,2,2,40274
ITF21,2013,1,2,3,1696
ITF21,2013,1,1,3,424
ITF21,2013,1,3,3,1197
ITF21,2013,1,2,3,121249
ITF21,2013,1,1,3,5105
ITF21,2013,1,3,3,14757
ITF21,2013,2,2,1,3689
ITF21,2013,2,1,1,512374
ITF21,2013,2,3,1,61841
ITF21,2013,2,3,1,2604
ITF21,2013,2,2,1,1276
ITF21,2013,2,1,1,142497
ITF21,2013,2,1,1,21574
ITF21,2013,2,3,1,5393
ITF21,2013,2,2,1,3949
ITF21,2013,2,2,2,166
ITF21,2013,2,1,2,42
ITF21,2013,2,3,2,392
ITF21,2013,2,3,2,110224
ITF21,2013,2,2,2,4641
ITF21,2013,2,1,2,5355
ITF21,2013,2,1,2,1339
ITF21,2013,2,3,2,325940
ITF21,2013,2,2,2,16985
ITF21,2013,2,2,3,715
ITF21,2013,2,1,3,179
ITF21,2013,2,3,3,1160
ITF21,2013,2,2,3,105441
ITF21,2013,2,1,3,4440
ITF21,2013,2,3,3,13724
ITF21,2003,1,2,1,3431
ITF21,2003,1,1,1,241856
ITF21,2003,1,3,1,37280
ITF21,2003,1,3,1,1570
ITF21,2003,1,2,1,1110
ITF21,2003,1,1,1,127191
ITF21,2003,1,1,1,10183
ITF21,2003,1,3,1,2546
ITF21,2003,1,2,1,3743
ITF21,2003,1,2,2,158
ITF21,2003,1,1,2,39
ITF21,2003,1,3,2,262
ITF21,2003,1,3,2,98430
ITF21,2003,1,2,2,4144
ITF21,2003,1,1,2,5837
ITF21,2003,1,1,2,1459
ITF21,2003,1,3,2,349411
ITF21,2003,1,2,2,15269
ITF21,2003,1,2,3,643
ITF21,2003,1,1,3,161
ITF21,2003,1,3,3,1036
ITF21,2003,1,2,3,86517
ITF21,2003,1,1,3,3643
ITF21,2003,1,3,3,14712
ITF21,2003,2,2,1,3678
ITF21,2003,2,1,1,445349
ITF21,2003,2,3,1,24892
ITF21,2003,2,3,1,1048
ITF21,2003,2,2,1,911
ITF21,2003,2,1,1,138630
ITF21,2003,2,1,1,18752
ITF21,2003,2,3,1,4688
ITF21,2003,2,2,1,1981
ITF21,2003,2,2,2,83
ITF21,2003,2,1,2,21
ITF21,2003,2,3,2,356
ITF21,2003,2,3,2,99483
ITF21,2003,2,2,2,4189
ITF21,2003,2,1,2,5396
ITF21,2003,2,1,2,1349
ITF21,2003,2,3,2,308897
ITF21,2003,2,2,2,29380
ITF21,2003,2,2,3,1237
ITF21,2003,2,1,3,309
ITF21,2003,2,3,3,1047
ITF21,2003,2,2,3,99925
ITF21,2003,2,1,3,4207
ITF21,2003,2,3,3,13006
ITF21,2004,1,2,1,3252
ITF21,2004,1,1,1,246779
ITF21,2004,1,3,1,33775
ITF21,2004,1,3,1,1422
ITF21,2004,1,2,1,1052
ITF21,2004,1,1,1,128165
ITF21,2004,1,1,1,10391
ITF21,2004,1,3,1,2598
ITF21,2004,1,2,1,3755
ITF21,2004,1,2,2,158
ITF21,2004,1,1,2,40
ITF21,2004,1,3,2,311
ITF21,2004,1,3,2,61832
ITF21,2004,1,2,2,2603
ITF21,2004,1,1,2,5733
ITF21,2004,1,1,2,1433
ITF21,2004,1,3,2,375080
ITF21,2004,1,2,2,14709
ITF21,2004,1,2,3,619
ITF21,2004,1,1,3,155
ITF21,2004,1,3,3,651
ITF21,2004,1,2,3,97826
ITF21,2004,1,1,3,4119
ITF21,2004,1,3,3,15793
ITF21,2004,2,2,1,3948
ITF21,2004,2,1,1,535607
ITF21,2004,2,3,1,29550
ITF21,2004,2,3,1,1244
ITF21,2004,2,2,1,1030
ITF21,2004,2,1,1,136148
ITF21,2004,2,1,1,22552
ITF21,2004,2,3,1,5638
ITF21,2004,2,2,1,1986
ITF21,2004,2,2,2,84
ITF21,2004,2,1,2,21
ITF21,2004,2,3,2,364
ITF21,2004,2,3,2,99515
ITF21,2004,2,2,2,4190
ITF21,2004,2,1,2,5292
ITF21,2004,2,1,2,1323
ITF21,2004,2,3,2,314295
ITF21,2004,2,2,2,29192
ITF21,2004,2,2,3,1229
ITF21,2004,2,1,3,307
ITF21,2004,2,3,3,1048
ITF21,2004,2,2,3,104179
ITF21,2004,2,1,3,4386
ITF21,2004,2,3,3,13233
ITF21,2005,1,2,1,3308
ITF21,2005,1,1,1,253790
ITF21,2005,1,3,1,34533
ITF21,2005,1,3,1,1454
ITF21,2005,1,2,1,1097
ITF21,2005,1,1,1,125676
ITF21,2005,1,1,1,10686
ITF21,2005,1,3,1,2671
ITF21,2005,1,2,1,3761
ITF21,2005,1,2,2,158
ITF21,2005,1,1,2,40
ITF21,2005,1,3,2,319
ITF21,2005,1,3,2,62026
ITF21,2005,1,2,2,2612
ITF21,2005,1,1,2,5616
ITF21,2005,1,1,2,1404
ITF21,2005,1,3,2,378587
ITF21,2005,1,2,2,14578
ITF21,2005,1,2,3,614
ITF21,2005,1,1,3,153
ITF21,2005,1,3,3,653
ITF21,2005,1,2,3,101794
ITF21,2005,1,1,3,4286
ITF21,2005,1,3,3,15941
ITF21,2005,2,2,1,3985
ITF21,2005,2,1,1,547484
ITF21,2005,2,3,1,30258
ITF21,2005,2,3,1,1274
ITF21,2005,2,2,1,1072
ITF21,2005,2,1,1,133384
ITF21,2005,2,1,1,23052
ITF21,2005,2,3,1,5763
ITF21,2005,2,2,1,1996
ITF21,2005,2,2,2,84
ITF21,2005,2,1,2,21
ITF21,2005,2,3,2,371
ITF21,2005,2,3,2,104169
ITF21,2005,2,2,2,4386
ITF21,2005,2,1,2,6090
ITF21,2005,2,1,2,1523
ITF21,2005,2,3,2,386875
ITF21,2005,2,2,2,17012
ITF21,2005,2,2,3,716
ITF21,2005,2,1,3,179
ITF21,2005,2,3,3,1097
ITF21,2005,2,2,3,116382
ITF21,2005,2,1,3,4900
ITF21,2005,2,3,3,16289
ITF21,2006,1,2,1,4072
ITF21,2006,1,1,1,268259
ITF21,2006,1,3,1,35217
ITF21,2006,1,3,1,1483
ITF21,2006,1,2,1,1225
ITF21,2006,1,1,1,144643
ITF21,2006,1,1,1,11295
ITF21,2006,1,3,1,2824
ITF21,2006,1,2,1,3778
ITF21,2006,1,2,2,159
ITF21,2006,1,1,2,40
ITF21,2006,1,3,2,510
ITF21,2006,1,3,2,77485
ITF21,2006,1,2,2,3263
ITF21,2006,1,1,2,4974
ITF21,2006,1,1,2,1244
ITF21,2006,1,3,2,364437
ITF21,2006,1,2,2,19519
ITF21,2006,1,2,3,822
ITF21,2006,1,1,3,205
ITF21,2006,1,3,3,816
ITF21,2006,1,2,3,96153
ITF21,2006,1,1,3,4049
ITF21,2006,1,3,3,15345
ITF21,2006,2,2,1,3836
ITF21,2006,2,1,1,541438
ITF21,2006,2,3,1,48441
ITF21,2006,2,3,1,2040
ITF21,2006,2,2,1,1012
ITF21,2006,2,1,1,118133
ITF21,2006,2,1,1,22797
ITF21,2006,2,3,1,5699
ITF21,2006,2,2,1,4005
ITF21,2006,2,2,2,169
ITF21,2006,2,1,2,42
ITF21,2006,2,3,2,421
ITF21,2006,2,3,2,127317
ITF21,2006,2,2,2,5361
ITF21,2006,2,1,2,6304
ITF21,2006,2,1,2,1576
ITF21,2006,2,3,2,391873
ITF21,2006,2,2,2,23089
ITF21,2006,2,2,3,972
ITF21,2006,2,1,3,243
ITF21,2006,2,3,3,1340
ITF21,2006,2,2,3,125865
ITF21,2006,2,1,3,5300
ITF21,2006,2,3,3,16500
ITF21,2007,1,2,1,4125
ITF21,2007,1,1,1,284480
ITF21,2007,1,3,1,40022
ITF21,2007,1,3,1,1685
ITF21,2007,1,2,1,1325
ITF21,2007,1,1,1,149722
ITF21,2007,1,1,1,11978
ITF21,2007,1,3,1,2995
ITF21,2007,1,2,1,1893
ITF21,2007,1,2,2,80
ITF21,2007,1,1,2,20
ITF21,2007,1,3,2,327
ITF21,2007,1,3,2,100760
ITF21,2007,1,2,2,4243
ITF21,2007,1,1,2,6026
ITF21,2007,1,1,2,1507
ITF21,2007,1,3,2,6597
ITF21,2007,1,2,2,278
ITF21,2007,1,2,3,69
ITF21,2007,1,1,3,311
ITF21,2007,1,3,3,131610
ITF21,2007,1,2,3,5541
ITF21,2007,1,1,3,3963
ITF21,2007,1,3,3,991
ITF21,2007,2,2,1,246137
ITF21,2007,2,1,1,36941
ITF21,2007,2,3,1,1555
ITF21,2007,2,3,1,389
ITF21,2007,2,2,1,1385
ITF21,2007,2,1,1,85294
ITF21,2007,2,1,1,3591
ITF21,2007,2,3,1,10364
ITF21,2007,2,2,1,2591
ITF21,2007,2,2,2,184827
ITF21,2007,2,1,2,29559
ITF21,2007,2,3,2,1245
ITF21,2007,2,3,2,898
ITF21,2007,2,2,2,94113
ITF21,2007,2,1,2,7782
ITF21,2007,2,1,2,1946
ITF21,2007,2,3,2,3344
ITF21,2007,2,2,2,141
ITF21,2007,2,2,3,35
ITF21,2007,2,1,3,469
ITF21,2007,2,3,3,113580
ITF21,2007,2,2,3,4782
ITF21,2007,2,1,3,4872
ITF21,2007,2,3,3,1218
ITF21,2008,1,2,1,320223
ITF21,2008,1,1,1,34319
ITF21,2008,1,3,1,1445
ITF21,2008,1,3,1,361
ITF21,2008,1,2,1,1196
ITF21,2008,1,1,1,81356
ITF21,2008,1,1,1,3426
ITF21,2008,1,3,1,13483
ITF21,2008,1,2,1,3371
ITF21,2008,1,2,2,278819
ITF21,2008,1,1,2,44508
ITF21,2008,1,3,2,1874
ITF21,2008,1,3,2,856
ITF21,2008,1,2,2,115708
ITF21,2008,1,1,2,11740
ITF21,2008,1,1,2,2935
ITF21,2008,1,3,2,6592
ITF21,2008,1,2,2,278
ITF21,2008,1,2,3,69
ITF21,2008,1,1,3,321
ITF21,2008,1,3,3,134211
ITF21,2008,1,2,3,5651
ITF21,2008,1,1,3,3898
ITF21,2008,1,3,3,974
ITF21,2008,2,2,1,247807
ITF21,2008,2,1,1,36995
ITF21,2008,2,3,1,1558
ITF21,2008,2,3,1,389
ITF21,2008,2,2,1,1413
ITF21,2008,2,1,1,88831
ITF21,2008,2,1,1,3740
ITF21,2008,2,3,1,10434
ITF21,2008,2,2,1,2608
ITF21,2008,2,2,2,192049
ITF21,2008,2,1,2,30535
ITF21,2008,2,3,2,1286
ITF21,2008,2,3,2,935
ITF21,2008,2,2,2,92574
ITF21,2008,2,1,2,8086
ITF21,2008,2,1,2,2022
ITF21,2008,2,3,2,3345
ITF21,2008,2,2,2,141
ITF21,2008,2,2,3,35
ITF21,2008,2,1,3,483
ITF21,2008,2,3,3,115777
ITF21,2008,2,2,3,4875
ITF21,2008,2,1,3,4771
ITF21,2008,2,3,3,1193
ITF21,2009,1,2,1,321941
ITF21,2009,1,1,1,34258
ITF21,2009,1,3,1,1442
ITF21,2009,1,3,1,361
ITF21,2009,1,2,1,1219
ITF21,2009,1,1,1,84746
ITF21,2009,1,1,1,3568
ITF21,2009,1,3,1,13555
ITF21,2009,1,2,1,3389
ITF21,2009,1,2,2,287548
ITF21,2009,1,1,2,45838
ITF21,2009,1,3,2,1930
ITF21,2009,1,3,2,892
ITF21,2009,1,2,2,113314
ITF21,2009,1,1,2,12107
ITF21,2009,1,1,2,3027
ITF21,2009,1,3,2,6650
ITF21,2009,1,2,2,280
ITF21,2009,1,2,3,70
ITF21,2009,1,1,3,332
ITF21,2009,1,3,3,137336
ITF21,2009,1,2,3,5783
ITF21,2009,1,1,3,3944
ITF21,2009,1,3,3,986
ITF21,2009,2,2,1,247866
ITF21,2009,2,1,1,37169
ITF21,2009,2,3,1,1565
ITF21,2009,2,3,1,391
ITF21,2009,2,2,1,1446
ITF21,2009,2,1,1,91879
ITF21,2009,2,1,1,3869
ITF21,2009,2,3,1,10436
ITF21,2009,2,2,1,2609
ITF21,2009,2,2,2,199615
ITF21,2009,2,1,2,31528
ITF21,2009,2,3,2,1327
ITF21,2009,2,3,2,967
ITF21,2009,2,2,2,93661
ITF21,2009,2,1,2,8405
ITF21,2009,2,1,2,2101
ITF21,2009,2,3,2,3376
ITF21,2009,2,2,2,142
ITF21,2009,2,2,3,36
ITF21,2009,2,1,3,496
ITF21,2009,2,3,3,118418
ITF21,2009,2,2,3,4986
ITF21,2009,2,1,3,4801
ITF21,2009,2,3,3,1200
ITF21,2010,1,2,1,321678
ITF21,2010,1,1,1,34294
ITF21,2010,1,3,1,1444
ITF21,2010,1,3,1,361
ITF21,2010,1,2,1,1247
ITF21,2010,1,1,1,87748
ITF21,2010,1,1,1,3695
ITF21,2010,1,3,1,13544
ITF21,2010,1,2,1,3386
ITF21,2010,1,2,2,296667
ITF21,2010,1,1,2,47129
ITF21,2010,1,3,2,1984
ITF21,2010,1,3,2,924
ITF21,2010,1,2,2,114029
ITF21,2010,1,1,2,12491
ITF21,2010,1,1,2,3123
ITF21,2010,1,3,2,6757
ITF21,2010,1,2,2,285
ITF21,2010,1,2,3,71
ITF21,2010,1,1,3,544
ITF21,2010,1,3,3,109146
ITF21,2010,1,2,3,4596
ITF21,2010,1,1,3,5480
ITF21,2010,1,3,3,1370
ITF21,2010,2,2,1,269294
ITF21,2010,2,1,1,42727
ITF21,2010,2,3,1,1799
ITF21,2010,2,3,1,450
ITF21,2010,2,2,1,1149
ITF21,2010,2,1,1,106160
ITF21,2010,2,1,1,4470
ITF21,2010,2,3,1,11339
ITF21,2010,2,2,1,2835
ITF21,2010,2,2,2,214729
ITF21,2010,2,1,2,51691
ITF21,2010,2,3,2,2176
ITF21,2010,2,3,2,1117
ITF21,2010,2,2,2,130151
ITF21,2010,2,1,2,9041
ITF21,2010,2,1,2,2260
ITF21,2010,2,3,2,3430
ITF21,2010,2,2,2,144
ITF21,2010,2,2,3,36
ITF21,2010,2,1,3,227
ITF21,2010,2,3,3,101426
ITF21,2010,2,2,3,4271
ITF21,2010,2,1,3,4314
ITF21,2010,2,3,3,1078
ITF21,2011,1,2,1,346599
ITF21,2011,1,1,1,38507
ITF21,2011,1,3,1,1621
ITF21,2011,1,3,1,405
ITF21,2011,1,2,1,1068
ITF21,2011,1,1,1,105827
ITF21,2011,1,1,1,4456
ITF21,2011,1,3,1,14594
ITF21,2011,1,2,1,3648
ITF21,2011,1,2,2,374472
ITF21,2011,1,1,2,21556
ITF21,2011,1,3,2,908
ITF21,2011,1,3,2,1114
ITF21,2011,1,2,2,102449
ITF21,2011,1,1,2,15767
ITF21,2011,1,1,2,3942
ITF21,2011,1,3,2,6865
ITF21,2011,1,2,2,289
ITF21,2011,1,2,3,72
ITF21,2011,1,1,3,560
ITF21,2011,1,3,3,112509
ITF21,2011,1,2,3,4737
ITF21,2011,1,1,3,5672
ITF21,2011,1,3,3,1418
ITF21,2011,2,2,1,267924
ITF21,2011,2,1,1,42931
ITF21,2011,2,3,1,1808
ITF21,2011,2,3,1,452
ITF21,2011,2,2,1,1184
ITF21,2011,2,1,1,108697
ITF21,2011,2,1,1,4577
ITF21,2011,2,3,1,11281
ITF21,2011,2,2,1,2820
ITF21,2011,2,2,2,223554
ITF21,2011,2,1,2,53222
ITF21,2011,2,3,2,2241
ITF21,2011,2,3,2,1144
ITF21,2011,2,2,2,134714
ITF21,2011,2,1,2,9413
ITF21,2011,2,1,2,2353
ITF21,2011,2,3,2,3483
ITF21,2011,2,2,2,147
ITF21,2011,2,2,3,37
ITF21,2011,2,1,3,232
ITF21,2011,2,3,3,104475
ITF21,2011,2,2,3,4399
ITF21,2011,2,1,3,4454
ITF21,2011,2,3,3,1113
ITF21,2012,1,2,1,344135
ITF21,2012,1,1,1,38562
ITF21,2012,1,3,1,1624
ITF21,2012,1,3,1,406
ITF21,2012,1,2,1,1100
ITF21,2012,1,1,1,108461
ITF21,2012,1,1,1,4567
ITF21,2012,1,3,1,14490
ITF21,2012,1,2,1,3622
ITF21,2012,1,2,2,386890
ITF21,2012,1,1,2,22062
ITF21,2012,1,3,2,929
ITF21,2012,1,3,2,1142
ITF21,2012,1,2,2,105779
ITF21,2012,1,1,2,16290
ITF21,2012,1,1,2,4073
ITF21,2012,1,3,2,6972
ITF21,2012,1,2,2,294
ITF21,2012,1,2,3,73
ITF21,2012,1,1,3,577
ITF21,2012,1,3,3,116111
ITF21,2012,1,2,3,4889
ITF21,2012,1,1,3,5927
ITF21,2012,1,3,3,1482
ITF21,2012,2,2,1,265747
ITF21,2012,2,1,1,43166
ITF21,2012,2,3,1,1818
ITF21,2012,2,3,1,454
ITF21,2012,2,2,1,1222
ITF21,2012,2,1,1,110892
ITF21,2012,2,1,1,4669
ITF21,2012,2,3,1,11189
ITF21,2012,2,2,1,2797
ITF21,2012,2,2,2,232674
ITF21,2012,2,1,2,54821
ITF21,2012,2,3,2,2308
ITF21,2012,2,3,2,1167
ITF21,2012,2,2,2,140762
ITF21,2012,2,1,2,9797
ITF21,2012,2,1,2,2449
ITF21,2012,2,3,2,3535
ITF21,2012,2,2,2,149
ITF21,2012,2,2,3,37
ITF21,2012,2,1,3,237
ITF21,2012,2,3,3,107703
ITF21,2012,2,2,3,4535
ITF21,2012,2,1,3,4651
ITF21,2012,2,3,3,1163
ITE34,2005,1,2,1,340422
ITE34,2005,1,1,1,38590
ITE34,2005,1,3,1,1625
ITE34,2005,1,3,1,406
ITE34,2005,1,2,1,1134
ITE34,2005,1,1,1,110641
ITE34,2005,1,1,1,4659
ITE34,2005,1,3,1,14334
ITE34,2005,1,2,1,3583
ITE34,2005,1,2,2,399496
ITE34,2005,1,1,2,22562
ITE34,2005,1,3,2,950
ITE34,2005,1,3,2,1165
ITE34,2005,1,2,2,110464
ITE34,2005,1,1,2,16821
ITE34,2005,1,1,2,4205
ITE34,2005,1,3,2,7086
ITE34,2005,1,2,2,298
ITE34,2005,1,2,3,75
ITE34,2005,1,1,3,385
ITE34,2005,1,3,3,157925
ITE34,2005,1,2,3,6649
ITE34,2005,1,1,3,6078
ITE34,2005,1,3,3,1519
ITE34,2005,2,2,1,314500
ITE34,2005,2,1,1,46160
ITE34,2005,2,3,1,1944
ITE34,2005,2,3,1,486
ITE34,2005,2,2,1,1662
ITE34,2005,2,1,1,153745
ITE34,2005,2,1,1,6473
ITE34,2005,2,3,1,13242
ITE34,2005,2,2,1,3311
ITE34,2005,2,2,2,228319
ITE34,2005,2,1,2,36546
ITE34,2005,2,3,2,1539
ITE34,2005,2,3,2,1618
ITE34,2005,2,2,2,144346
ITE34,2005,2,1,2,9613
ITE34,2005,2,1,2,2403
ITE34,2005,2,3,2,3592
ITE34,2005,2,2,2,151
ITE34,2005,2,2,3,38
ITE34,2005,2,1,3,486
ITE34,2005,2,3,3,94361
ITE34,2005,2,2,3,3973
ITE34,2005,2,1,3,4240
ITE34,2005,2,3,3,1060
ITE34,2006,1,2,1,295638
ITE34,2006,1,1,1,40922
ITE34,2006,1,3,1,1723
ITE34,2006,1,3,1,431
ITE34,2006,1,2,1,993
ITE34,2006,1,1,1,90838
ITE34,2006,1,1,1,3825
ITE34,2006,1,3,1,12448
ITE34,2006,1,2,1,3112
ITE34,2006,1,2,2,397301
ITE34,2006,1,1,2,46216
ITE34,2006,1,3,2,1946
ITE34,2006,1,3,2,956
ITE34,2006,1,2,2,100710
ITE34,2006,1,1,2,16728
ITE34,2006,1,1,2,4182
ITE34,2006,1,3,2,7245
ITE34,2006,1,2,2,305
ITE34,2006,1,2,3,76
ITE34,2006,1,1,3,397
ITE34,2006,1,3,3,163576
ITE34,2006,1,2,3,6887
ITE34,2006,1,1,3,6299
ITE34,2006,1,3,3,1575
ITE34,2006,2,2,1,314616
ITE34,2006,2,1,1,46392
ITE34,2006,2,3,1,1953
ITE34,2006,2,3,1,488
ITE34,2006,2,2,1,1722
ITE34,2006,2,1,1,155814
ITE34,2006,2,1,1,6561
ITE34,2006,2,3,1,13247
ITE34,2006,2,2,1,3312
ITE34,2006,2,2,2,236725
ITE34,2006,2,1,2,37697
ITE34,2006,2,3,2,1587
ITE34,2006,2,3,2,1640
ITE34,2006,2,2,2,149606
ITE34,2006,2,1,2,9967
ITE34,2006,2,1,2,2492
ITE34,2006,2,3,2,3671
ITE34,2006,2,2,2,155
ITE34,2006,2,2,3,39
ITE34,2006,2,1,3,498
ITE34,2006,2,3,3,97566
ITE34,2006,2,2,3,4108
ITE34,2006,2,1,3,4400
ITE34,2006,2,3,3,1100
ITE34,2007,1,2,1,294486
ITE34,2007,1,1,1,40987
ITE34,2007,1,3,1,1726
ITE34,2007,1,3,1,431
ITE34,2007,1,2,1,1027
ITE34,2007,1,1,1,91988
ITE34,2007,1,1,1,3873
ITE34,2007,1,3,1,12399
ITE34,2007,1,2,1,3100
ITE34,2007,1,2,2,409144
ITE34,2007,1,1,2,47289
ITE34,2007,1,3,2,1991
ITE34,2007,1,3,2,968
ITE34,2007,1,2,2,104511
ITE34,2007,1,1,2,17227
ITE34,2007,1,1,2,4307
ITE34,2007,1,3,2,7421
ITE34,2007,1,2,2,312
ITE34,2007,1,2,3,78
ITE34,2007,1,1,3,407
ITE34,2007,1,3,3,169117
ITE34,2007,1,2,3,7121
ITE34,2007,1,1,3,6471
ITE34,2007,1,3,3,1618
ITE34,2007,2,2,1,315783
ITE34,2007,2,1,1,46223
ITE34,2007,2,3,1,1946
ITE34,2007,2,3,1,487
ITE34,2007,2,2,1,1780
ITE34,2007,2,1,1,157959
ITE34,2007,2,1,1,6651
ITE34,2007,2,3,1,13296
ITE34,2007,2,2,1,3324
ITE34,2007,2,2,2,244280
ITE34,2007,2,1,2,38694
ITE34,2007,2,3,2,1629
ITE34,2007,2,3,2,1663
ITE34,2007,2,2,2,153691
ITE34,2007,2,1,2,10285
ITE34,2007,2,1,2,2571
ITE34,2007,2,3,2,3762
ITE34,2007,2,2,2,158
ITE34,2007,2,2,3,40
ITE34,2007,2,1,3,509
ITE34,2007,2,3,3,100791
ITE34,2007,2,2,3,4244
ITE34,2007,2,1,3,4528
ITE34,2007,2,3,3,1132
ITE34,2008,1,2,1,294390
ITE34,2008,1,1,1,40950
ITE34,2008,1,3,1,1724
ITE34,2008,1,3,1,431
ITE34,2008,1,2,1,1061
ITE34,2008,1,1,1,93222
ITE34,2008,1,1,1,3925
ITE34,2008,1,3,1,12395
ITE34,2008,1,2,1,3099
ITE34,2008,1,2,2,419954
ITE34,2008,1,1,2,48332
ITE34,2008,1,3,2,2035
ITE34,2008,1,3,2,981
ITE34,2008,1,2,2,107533
ITE34,2008,1,1,2,17682
ITE34,2008,1,1,2,4421
ITE34,2008,1,3,2,7554
ITE34,2008,1,2,2,318
ITE34,2008,1,2,3,80
ITE34,2008,1,1,3,562
ITE34,2008,1,3,3,145418
ITE34,2008,1,2,3,6123
ITE34,2008,1,1,3,6364
ITE34,2008,1,3,3,1591
ITE34,2008,2,2,1,286522
ITE34,2008,2,1,1,24106
ITE34,2008,2,3,1,1015
ITE34,2008,2,3,1,254
ITE34,2008,2,2,1,1531
ITE34,2008,2,1,1,130742
ITE34,2008,2,1,1,5505
ITE34,2008,2,3,1,12064
ITE34,2008,2,2,1,3016
ITE34,2008,2,2,2,284209
ITE34,2008,2,1,2,53416
ITE34,2008,2,3,2,2249
ITE34,2008,2,3,2,1376
ITE34,2008,2,2,2,151136
ITE34,2008,2,1,2,11967
ITE34,2008,2,1,2,2992
ITE34,2008,2,3,2,3829
ITE34,2008,2,2,2,161
ITE34,2008,2,2,3,40
ITE34,2008,2,1,3,416
ITE34,2008,2,3,3,82912
ITE34,2008,2,2,3,3491
ITE34,2008,2,1,3,5190
ITE34,2008,2,3,3,1298
ITE34,2009,1,2,1,300530
ITE34,2009,1,1,1,40830
ITE34,2009,1,3,1,1719
ITE34,2009,1,3,1,430
ITE34,2009,1,2,1,873
ITE34,2009,1,1,1,96848
ITE34,2009,1,1,1,4078
ITE34,2009,1,3,1,12654
ITE34,2009,1,2,1,3163
ITE34,2009,1,2,2,420456
ITE34,2009,1,1,2,39532
ITE34,2009,1,3,2,1665
ITE34,2009,1,3,2,1019
ITE34,2009,1,2,2,123267
ITE34,2009,1,1,2,17703
ITE34,2009,1,1,2,4426
ITE34,2009,1,3,2,7680
ITE34,2009,1,2,2,323
ITE34,2009,1,2,3,81
ITE34,2009,1,1,3,567
ITE34,2009,1,3,3,148519
ITE34,2009,1,2,3,6253
ITE34,2009,1,1,3,6448
ITE34,2009,1,3,3,1612
ITE34,2009,2,2,1,289542
ITE34,2009,2,1,1,23280
ITE34,2009,2,3,1,980
ITE34,2009,2,3,1,245
ITE34,2009,2,2,1,1563
ITE34,2009,2,1,1,132601
ITE34,2009,2,1,1,5583
ITE34,2009,2,3,1,12191
ITE34,2009,2,2,1,3048
ITE34,2009,2,2,2,291672
ITE34,2009,2,1,2,53820
ITE34,2009,2,3,2,2266
ITE34,2009,2,3,2,1396
ITE34,2009,2,2,2,153144
ITE34,2009,2,1,2,12281
ITE34,2009,2,1,2,3070
ITE34,2009,2,3,2,3888
ITE34,2009,2,2,2,164
ITE34,2009,2,2,3,41
ITE34,2009,2,1,3,420
ITE34,2009,2,3,3,84799
ITE34,2009,2,2,3,3570
ITE34,2009,2,1,3,5265
ITE34,2009,2,3,3,1316
ITE34,2010,1,2,1,302644
ITE34,2010,1,1,1,39809
ITE34,2010,1,3,1,1676
ITE34,2010,1,3,1,419
ITE34,2010,1,2,1,893
ITE34,2010,1,1,1,98376
ITE34,2010,1,1,1,4142
ITE34,2010,1,3,1,12743
ITE34,2010,1,2,1,3186
ITE34,2010,1,2,2,430033
ITE34,2010,1,1,2,39922
ITE34,2010,1,3,2,1681
ITE34,2010,1,3,2,1036
ITE34,2010,1,2,2,125037
ITE34,2010,1,1,2,18107
ITE34,2010,1,1,2,4527
ITE34,2010,1,3,2,1168
ITE34,2010,1,2,2,49
ITE34,2010,1,2,3,12
ITE34,2010,1,1,3,726
ITE34,2010,1,3,3,208316
ITE34,2010,1,2,3,8771
ITE34,2010,1,1,3,8445
ITE34,2010,1,3,3,2111
ITE34,2010,2,2,1,308013
ITE34,2010,2,1,1,15562
ITE34,2010,2,3,1,655
ITE34,2010,2,3,1,164
ITE34,2010,2,2,1,2193
ITE34,2010,2,1,1,161509
ITE34,2010,2,1,1,6800
ITE34,2010,2,3,1,12969
ITE34,2010,2,2,1,3242
ITE34,2010,2,2,2,321149
ITE34,2010,2,1,2,68969
ITE34,2010,2,3,2,2904
ITE34,2010,2,3,2,1700
ITE34,2010,2,2,2,200570
ITE34,2010,2,1,2,13522
ITE34,2010,2,1,2,3381
ITE34,2010,2,3,2,4019
ITE34,2010,2,2,2,169
ITE34,2010,2,2,3,42
ITE34,2010,2,1,3,638
ITE34,2010,2,3,3,108951
ITE34,2010,2,2,3,4587
ITE34,2010,2,1,3,5943
ITE34,2010,2,3,3,1486
ITE34,2011,1,2,1,338272
ITE34,2011,1,1,1,42747
ITE34,2011,1,3,1,1800
ITE34,2011,1,3,1,450
ITE34,2011,1,2,1,1147
ITE34,2011,1,1,1,115023
ITE34,2011,1,1,1,4843
ITE34,2011,1,3,1,14243
ITE34,2011,1,2,1,3561
ITE34,2011,1,2,2,487170
ITE34,2011,1,1,2,60577
ITE34,2011,1,3,2,2551
ITE34,2011,1,3,2,1211
ITE34,2011,1,2,2,141156
ITE34,2011,1,1,2,20512
ITE34,2011,1,1,2,5128
ITE34,2011,1,3,2,1177
ITE34,2011,1,2,2,50
ITE34,2011,1,2,3,12
ITE34,2011,1,1,3,728
ITE34,2011,1,3,3,211900
ITE34,2011,1,2,3,8922
ITE34,2011,1,1,3,8499
ITE34,2011,1,3,3,2125
ITE34,2011,2,2,1,315479
ITE34,2011,2,1,1,14972
ITE34,2011,2,3,1,630
ITE34,2011,2,3,1,158
ITE34,2011,2,2,1,2231
ITE34,2011,2,1,1,165687
ITE34,2011,2,1,1,6976
ITE34,2011,2,3,1,13283
ITE34,2011,2,2,1,3321
ITE34,2011,2,2,2,326824
ITE34,2011,2,1,2,69173
ITE34,2011,2,3,2,2913
ITE34,2011,2,3,2,1744
ITE34,2011,2,2,2,201851
ITE34,2011,2,1,2,13761
ITE34,2011,2,1,2,3440
ITE34,2011,2,3,2,4049
ITE34,2011,2,2,2,170
ITE34,2011,2,2,3,43
ITE34,2011,2,1,3,641
ITE34,2011,2,3,3,110826
ITE34,2011,2,2,3,4666
ITE34,2011,2,1,3,5975
ITE34,2011,2,3,3,1494
ITE34,2012,1,2,1,345496
ITE34,2012,1,1,1,41424
ITE34,2012,1,3,1,1744
ITE34,2012,1,3,1,436
ITE34,2012,1,2,1,1167
ITE34,2012,1,1,1,118079
ITE34,2012,1,1,1,4972
ITE34,2012,1,3,1,14547
ITE34,2012,1,2,1,3637
ITE34,2012,1,2,2,494940
ITE34,2012,1,1,2,60914
ITE34,2012,1,3,2,2565
ITE34,2012,1,3,2,1243
ITE34,2012,1,2,2,141901
ITE34,2012,1,1,2,20840
ITE34,2012,1,1,2,5210
ITE34,2012,1,3,2,1182
ITE34,2012,1,2,2,50
ITE34,2012,1,2,3,12
ITE34,2012,1,1,3,742
ITE34,2012,1,3,3,220708
ITE34,2012,1,2,3,9293
ITE34,2012,1,1,3,8705
ITE34,2012,1,3,3,2176
ITE34,2012,2,2,1,325612
ITE34,2012,2,1,1,14512
ITE34,2012,2,3,1,611
ITE34,2012,2,3,1,153
ITE34,2012,2,2,1,2323
ITE34,2012,2,1,1,172947
ITE34,2012,2,1,1,7282
ITE34,2012,2,3,1,13710
ITE34,2012,2,2,1,3427
ITE34,2012,2,2,2,339169
ITE34,2012,2,1,2,70488
ITE34,2012,2,3,2,2968
ITE34,2012,2,3,2,1820
ITE34,2012,2,2,2,206736
ITE34,2012,2,1,2,14281
ITE34,2012,2,1,2,3570
ITE34,2012,2,3,2,4059
ITE34,2012,2,2,2,171
ITE34,2012,2,2,3,43
ITE34,2012,2,1,3,651
ITE34,2012,2,3,3,113762
ITE34,2012,2,2,3,4790
ITE34,2012,2,1,3,6000
ITE34,2012,2,3,3,1500
ITG2A,2009,1,2,1,350473
ITG2A,2009,1,1,1,40274
ITG2A,2009,1,3,1,1696
ITG2A,2009,1,3,1,424
ITG2A,2009,1,2,1,1197
ITG2A,2009,1,1,1,121249
ITG2A,2009,1,1,1,5105
ITG2A,2009,1,3,1,14757
ITG2A,2009,1,2,1,3689
ITG2A,2009,1,2,2,512374
ITG2A,2009,1,1,2,61841
ITG2A,2009,1,3,2,2604
ITG2A,2009,1,3,2,1276
ITG2A,2009,1,2,2,142497
ITG2A,2009,1,1,2,21574
ITG2A,2009,1,1,2,5393
ITG2A,2009,1,3,2,3949
ITG2A,2009,1,2,2,166
ITG2A,2009,1,2,3,42
ITG2A,2009,1,1,3,392
ITG2A,2009,1,3,3,110224
ITG2A,2009,1,2,3,4641
ITG2A,2009,1,1,3,5355
ITG2A,2009,1,3,3,1339
ITG2A,2009,2,2,1,325940
ITG2A,2009,2,1,1,16985
ITG2A,2009,2,3,1,715
ITG2A,2009,2,3,1,179
ITG2A,2009,2,2,1,1160
ITG2A,2009,2,1,1,105441
ITG2A,2009,2,1,1,4440
ITG2A,2009,2,3,1,13724
ITG2A,2009,2,2,1,3431
ITG2A,2009,2,2,2,241856
ITG2A,2009,2,1,2,37280
ITG2A,2009,2,3,2,1570
ITG2A,2009,2,3,2,1110
ITG2A,2009,2,2,2,127191
ITG2A,2009,2,1,2,10183
ITG2A,2009,2,1,2,2546
ITG2A,2009,2,3,2,3743
ITG2A,2009,2,2,2,158
ITG2A,2009,2,2,3,39
ITG2A,2009,2,1,3,262
ITG2A,2009,2,3,3,98430
ITG2A,2009,2,2,3,4144
ITG2A,2009,2,1,3,5837
ITG2A,2009,2,3,3,1459
ITG2A,2010,1,2,1,349411
ITG2A,2010,1,1,1,15269
ITG2A,2010,1,3,1,643
ITG2A,2010,1,3,1,161
ITG2A,2010,1,2,1,1036
ITG2A,2010,1,1,1,86517
ITG2A,2010,1,1,1,3643
ITG2A,2010,1,3,1,14712
ITG2A,2010,1,2,1,3678
ITG2A,2010,1,2,2,445349
ITG2A,2010,1,1,2,24892
ITG2A,2010,1,3,2,1048
ITG2A,2010,1,3,2,911
ITG2A,2010,1,2,2,138630
ITG2A,2010,1,1,2,18752
ITG2A,2010,1,1,2,4688
ITG2A,2010,1,3,2,1981
ITG2A,2010,1,2,2,83
ITG2A,2010,1,2,3,21
ITG2A,2010,1,1,3,356
ITG2A,2010,1,3,3,99483
ITG2A,2010,1,2,3,4189
ITG2A,2010,1,1,3,5396
ITG2A,2010,1,3,3,1349
ITG2A,2010,2,2,1,308897
ITG2A,2010,2,1,1,29380
ITG2A,2010,2,3,1,1237
ITG2A,2010,2,3,1,309
ITG2A,2010,2,2,1,1047
ITG2A,2010,2,1,1,99925
ITG2A,2010,2,1,1,4207
ITG2A,2010,2,3,1,13006
ITG2A,2010,2,2,1,3252
ITG2A,2010,2,2,2,246779
ITG2A,2010,2,1,2,33775
ITG2A,2010,2,3,2,1422
ITG2A,2010,2,3,2,1052
ITG2A,2010,2,2,2,128165
ITG2A,2010,2,1,2,10391
ITG2A,2010,2,1,2,2598
ITG2A,2010,2,3,2,3755
ITG2A,2010,2,2,2,158
ITG2A,2010,2,2,3,40
ITG2A,2010,2,1,3,311
ITG2A,2010,2,3,3,61832
ITG2A,2010,2,2,3,2603
ITG2A,2010,2,1,3,5733
ITG2A,2010,2,3,3,1433
ITG2A,2011,1,2,1,375080
ITG2A,2011,1,1,1,14709
ITG2A,2011,1,3,1,619
ITG2A,2011,1,3,1,155
ITG2A,2011,1,2,1,651
ITG2A,2011,1,1,1,97826
ITG2A,2011,1,1,1,4119
ITG2A,2011,1,3,1,15793
ITG2A,2011,1,2,1,3948
ITG2A,2011,1,2,2,535607
ITG2A,2011,1,1,2,29550
ITG2A,2011,1,3,2,1244
ITG2A,2011,1,3,2,1030
ITG2A,2011,1,2,2,136148
ITG2A,2011,1,1,2,22552
ITG2A,2011,1,1,2,5638
ITG2A,2011,1,3,2,1986
ITG2A,2011,1,2,2,84
ITG2A,2011,1,2,3,21
ITG2A,2011,1,1,3,364
ITG2A,2011,1,3,3,99515
ITG2A,2011,1,2,3,4190
ITG2A,2011,1,1,3,5292
ITG2A,2011,1,3,3,1323
ITG2A,2011,2,2,1,314295
ITG2A,2011,2,1,1,29192
ITG2A,2011,2,3,1,1229
ITG2A,2011,2,3,1,307
ITG2A,2011,2,2,1,1048
ITG2A,2011,2,1,1,104179
ITG2A,2011,2,1,1,4386
ITG2A,2011,2,3,1,13233
ITG2A,2011,2,2,1,3308
ITG2A,2011,2,2,2,253790
ITG2A,2011,2,1,2,34533
ITG2A,2011,2,3,2,1454
ITG2A,2011,2,3,2,1097
ITG2A,2011,2,2,2,125676
ITG2A,2011,2,1,2,10686
ITG2A,2011,2,1,2,2671
ITG2A,2011,2,3,2,3761
ITG2A,2011,2,2,2,158
ITG2A,2011,2,2,3,40
ITG2A,2011,2,1,3,319
ITG2A,2011,2,3,3,62026
ITG2A,2011,2,2,3,2612
ITG2A,2011,2,1,3,5616
ITG2A,2011,2,3,3,1404
ITG2A,2012,1,2,1,378587
ITG2A,2012,1,1,1,14578
ITG2A,2012,1,3,1,614
ITG2A,2012,1,3,1,153
ITG2A,2012,1,2,1,653
ITG2A,2012,1,1,1,101794
ITG2A,2012,1,1,1,4286
ITG2A,2012,1,3,1,15941
ITG2A,2012,1,2,1,3985
ITG2A,2012,1,2,2,547484
ITG2A,2012,1,1,2,30258
ITG2A,2012,1,3,2,1274
ITG2A,2012,1,3,2,1072
ITG2A,2012,1,2,2,133384
ITG2A,2012,1,1,2,23052
ITG2A,2012,1,1,2,5763
ITG2A,2012,1,3,2,1996
ITG2A,2012,1,2,2,84
ITG2A,2012,1,2,3,21
ITG2A,2012,1,1,3,371
ITG2A,2012,1,3,3,104169
ITG2A,2012,1,2,3,4386
ITG2A,2012,1,1,3,6090
ITG2A,2012,1,3,3,1523
ITG2A,2012,2,2,1,386875
ITG2A,2012,2,1,1,17012
ITG2A,2012,2,3,1,716
ITG2A,2012,2,3,1,179
ITG2A,2012,2,2,1,1097
ITG2A,2012,2,1,1,116382
ITG2A,2012,2,1,1,4900
ITG2A,2012,2,3,1,16289
ITG2A,2012,2,2,1,4072
ITG2A,2012,2,2,2,268259
ITG2A,2012,2,1,2,35217
ITG2A,2012,2,3,2,1483
ITG2A,2012,2,3,2,1225
ITG2A,2012,2,2,2,144643
ITG2A,2012,2,1,2,11295
ITG2A,2012,2,1,2,2824
ITG2A,2012,2,3,2,3778
ITG2A,2012,2,2,2,159
ITG2A,2012,2,2,3,40
ITG2A,2012,2,1,3,510
ITG2A,2012,2,3,3,77485
ITG2A,2012,2,2,3,3263
ITG2A,2012,2,1,3,4974
ITG2A,2012,2,3,3,1244
ITG2A,2013,1,2,1,364437
ITG2A,2013,1,1,1,19519
ITG2A,2013,1,3,1,822
ITG2A,2013,1,3,1,205
ITG2A,2013,1,2,1,816
ITG2A,2013,1,1,1,96153
ITG2A,2013,1,1,1,4049
ITG2A,2013,1,3,1,15345
ITG2A,2013,1,2,1,3836
ITG2A,2013,1,2,2,541438
ITG2A,2013,1,1,2,48441
ITG2A,2013,1,3,2,2040
ITG2A,2013,1,3,2,1012
ITG2A,2013,1,2,2,118133
ITG2A,2013,1,1,2,22797
ITG2A,2013,1,1,2,5699
ITG2A,2013,1,3,2,4005
ITG2A,2013,1,2,2,169
ITG2A,2013,1,2,3,42
ITG2A,2013,1,1,3,421
ITG2A,2013,1,3,3,127317
ITG2A,2013,1,2,3,5361
ITG2A,2013,1,1,3,6304
ITG2A,2013,1,3,3,1576
ITG2A,2013,2,2,1,391873
ITG2A,2013,2,1,1,23089
ITG2A,2013,2,3,1,972
ITG2A,2013,2,3,1,243
ITG2A,2013,2,2,1,1340
ITG2A,2013,2,1,1,125865
ITG2A,2013,2,1,1,5300
ITG2A,2013,2,3,1,16500
ITG2A,2013,2,2,1,4125
ITG2A,2013,2,2,2,284480
ITG2A,2013,2,1,2,40022
ITG2A,2013,2,3,2,1685
ITG2A,2013,2,3,2,1325
ITG2A,2013,2,2,2,149722
ITG2A,2013,2,1,2,11978
ITG2A,2013,2,1,2,2995
ITG2A,2013,2,3,2,1893
ITG2A,2013,2,2,2,80
ITG2A,2013,2,2,3,20
ITG2A,2013,2,1,3,327
ITG2A,2013,2,3,3,100760
ITG2A,2013,2,2,3,4243
ITG2A,2013,2,1,3,6026
ITG2A,2013,2,3,3,1507
